reference_site,sequential_site,protein_site,chains
7,1,7,A
8,2,8,A
9,3,9,A
10,4,10,A
11,5,11,A
12,6,12,A
13,7,13,A
14,8,14,A
15,9,15,A
16,10,16,A
17,11,17,A
18,12,18,A
19,13,19,A
20,14,20,A
21,15,21,A
22,16,22,A
23,17,23,A
24,18,24,A
25,19,25,A
26,20,26,A
27,21,27,A
28,22,28,A
29,23,29,A
30,24,30,A
31,25,31,A
32,26,32,A
33,27,33,A
34,28,34,A
35,29,35,A
36,30,36,A
37,31,37,A
38,32,38,A
39,33,39,A
40,34,40,A
41,35,41,A
42,36,42,A
43,37,43,A
44,38,44,A
45,39,45,A
46,40,46,A
47,41,47,A
48,42,48,A
49,43,49,A
50,44,50,A
51,45,51,A
52,46,52,A
53,47,53,A
54,48,54,A
55,49,55,A
56,50,56,A
57,51,57,A
58,52,58,A
59,53,59,A
60,54,60,A
61,55,61,A
62,56,62,A
63,57,63,A
64,58,64,A
65,59,1,B
66,60,2,B
67,61,3,B
68,62,4,B
69,63,5,B
70,64,6,B
71,65,7,B
72,66,8,B
73,67,9,B
74,68,10,B
75,69,11,B
76,70,12,B
77,71,13,B
78,72,14,B
79,73,15,B
80,74,16,B
81,75,17,B
82,76,18,B
83,77,19,B
84,78,20,B
85,79,21,B
86,80,22,B
87,81,23,B
88,82,24,B
89,83,25,B
90,84,26,B
91,85,27,B
92,86,28,B
93,87,29,B
94,88,30,B
95,89,31,B
96,90,32,B
97,91,33,B
98,92,34,B
99,93,35,B
100,94,36,B
101,95,37,B
102,96,38,B
103,97,39,B
104,98,40,B
105,99,41,B
106,100,42,B
107,101,43,B
108,102,44,B
109,103,45,B
110,104,46,B
111,105,47,B
112,106,48,B
113,107,49,B
114,108,50,B
115,109,51,B
116,110,52,B
117,111,53,B
118,112,54,B
119,113,55,B
120,114,56,B
121,115,57,B
122,116,58,B
123,117,59,B
124,118,60,B
125,119,61,B
126,120,62,B
127,121,63,B
128,122,64,B
129,123,65,B
130,124,66,B
131,125,67,B
132,126,68,B
133,127,69,B
134,128,70,B
135,129,71,B
136,130,72,B
137,131,73,B
138,132,74,B
139,133,75,B
140,134,76,B
141,135,77,B
142,136,78,B
143,137,79,B
144,138,80,B
145,139,81,B
146,140,82,B
147,141,83,B
148,142,84,B
149,143,85,B
150,144,86,B
151,145,87,B
152,146,88,B
153,147,89,B
154,148,90,B
155,149,91,B
156,150,92,B
157,151,93,B
158,152,94,B
159,153,95,B
160,154,96,B
161,155,97,B
162,156,98,B
163,157,99,B
164,158,100,B
165,159,101,B
166,160,102,B
167,161,103,B
168,162,104,B
169,163,105,B
170,164,106,B
171,165,107,B
172,166,108,B
173,167,109,B
174,168,110,B
175,169,111,B
176,170,112,B
177,171,113,B
178,172,114,B
179,173,115,B
180,174,116,B
181,175,117,B
182,176,118,B
183,177,119,B
184,178,120,B
185,179,121,B
186,180,122,B
187,181,123,B
188,182,124,B
189,183,125,B
190,184,126,B
191,185,127,B
192,186,128,B
193,187,129,B
194,188,130,B
195,189,131,B
196,190,132,B
197,191,133,B
198,192,134,B
199,193,135,B
200,194,136,B
201,195,137,B
202,196,138,B
203,197,139,B
204,198,140,B
205,199,141,B
206,200,142,B
207,201,143,B
208,202,144,B
209,203,145,B
210,204,146,B
211,205,147,B
212,206,148,B
213,207,149,B
214,208,150,B
215,209,151,B
216,210,152,B
217,211,153,B
218,212,154,B
219,213,155,B
220,214,156,B
221,215,157,B
222,216,158,B
223,217,159,B
224,218,160,B
225,219,161,B
226,220,162,B
227,221,163,B
228,222,164,B
229,223,165,B
230,224,166,B
231,225,167,B
232,226,168,B
233,227,169,B
234,228,170,B
235,229,171,B
236,230,172,B
237,231,173,B
238,232,174,B
239,233,175,B
240,234,176,B
241,235,177,B
242,236,178,B
243,237,179,B
244,238,180,B
245,239,181,B
246,240,182,B
247,241,183,B
248,242,184,B
249,243,185,B
250,244,186,B
251,245,187,B
252,246,188,B
253,247,189,B
254,248,190,B
255,249,191,B
256,250,192,B
257,251,193,B
258,252,194,B
259,253,195,B
260,254,196,B
261,255,197,B
262,256,198,B
263,257,199,B
264,258,200,B
265,259,201,B
266,260,202,B
267,261,203,B
268,262,204,B
269,263,205,B
270,264,206,B
271,265,207,B
272,266,208,B
273,267,209,B
274,268,210,B
275,269,211,B
276,270,212,B
277,271,213,B
278,272,214,B
279,273,215,B
280,274,216,B
281,275,217,B
282,276,218,B
283,277,219,B
284,278,220,B
285,279,221,B
286,280,222,B
287,281,223,B
288,282,224,B
289,283,225,B
290,284,226,B
291,285,227,B
292,286,228,B
293,287,229,B
294,288,230,B
295,289,231,B
296,290,232,B
297,291,233,B
298,292,234,B
299,293,235,B
300,294,236,B
301,295,237,B
302,296,238,B
303,297,239,B
304,298,240,B
305,299,241,B
306,300,242,B
307,301,243,B
308,302,244,B
309,303,245,B
310,304,246,B
311,305,247,B
312,306,248,B
313,307,249,B
314,308,250,B
315,309,251,B
316,310,252,B
317,311,253,B
318,312,254,B
319,313,255,B
320,314,256,B
321,315,257,B
322,316,258,B
323,317,259,B
324,318,260,B
325,319,261,B
326,320,262,B
327,321,263,B
328,322,264,B
329,323,265,B
330,324,266,B
331,325,267,B
332,326,268,B
333,327,269,B
334,328,270,B
335,329,271,B
336,330,272,B
337,331,273,B
338,332,274,B
339,333,275,B
340,334,276,B
341,335,277,B
342,336,278,B
343,337,279,B
344,338,280,B
345,339,281,B
346,340,282,B
347,341,283,B
348,342,284,B
349,343,285,B
350,344,286,B
351,345,287,B
352,346,288,B
353,347,289,B
354,348,290,B
355,349,291,B
356,350,292,B
357,351,293,B
358,352,294,B
359,353,295,B
360,354,296,B
361,355,297,B
362,356,298,B
363,357,299,B
364,358,300,B
365,359,301,B
366,360,302,B
367,361,303,B
368,362,304,B
369,363,305,B
370,364,306,B
371,365,307,B
372,366,308,B
373,367,309,B
374,368,310,B
375,369,311,B
376,370,312,B
377,371,313,B
378,372,314,B
379,373,315,B
380,374,316,B
381,375,317,B
382,376,318,B
383,377,319,B
384,378,320,B
385,379,321,B
386,380,322,B
387,381,323,B
388,382,324,B
389,383,325,B
390,384,326,B
391,385,327,B
392,386,328,B
393,387,329,B
394,388,330,B
395,389,331,B