"site","wildtype","AAA","AAC","AAG","AAT","ACA","ACC","ACG","ACT","AGA","AGC","AGG","AGT","ATA","ATC","ATG","ATT","CAA","CAC","CAG","CAT","CCA","CCC","CCG","CCT","CGA","CGC","CGG","CGT","CTA","CTC","CTG","CTT","GAA","GAC","GAG","GAT","GCA","GCC","GCG","GCT","GGA","GGC","GGG","GGT","GTA","GTC","GTG","GTT","TAA","TAC","TAG","TAT","TCA","TCC","TCG","TCT","TGA","TGC","TGG","TGT","TTA","TTC","TTG","TTT"
1,"AGT",0,0,0,341,0,0,0,0,0,962,0,4118797,0,0,0,0,0,0,0,0,0,0,0,0,0,0,0,0,0,0,0,0,0,0,0,0,0,0,0,0,0,0,0,987,0,0,0,0,0,0,0,0,0,0,0,0,0,0,0,0,0,0,0,0
2,"CTT",0,0,0,0,0,0,0,0,0,0,0,0,0,0,0,0,0,0,0,0,0,0,0,803,0,0,0,0,0,1893,0,4151920,0,0,0,0,0,0,0,0,0,0,0,0,0,0,0,1219,0,0,0,0,0,0,0,0,0,0,0,0,0,0,0,0
3,"GCC",0,0,0,0,0,1439,0,0,0,0,0,0,0,0,0,0,0,0,0,0,0,0,0,0,0,0,0,0,0,0,0,0,0,0,0,0,0,4261886,0,0,106,0,0,0,0,2436,0,0,0,0,0,0,0,0,0,0,0,0,0,214,0,0,0,0
4,"ATT",0,0,0,0,0,0,0,963,0,0,0,0,0,1716,0,4313766,0,0,0,0,0,0,0,0,0,0,0,0,0,0,0,0,0,0,0,0,0,0,0,0,0,0,0,0,0,0,0,631,0,0,0,0,0,0,0,0,0,0,0,0,0,0,0,0
5,"CCA",0,0,0,0,0,0,0,3074,0,0,0,0,0,0,0,0,16789,0,0,0,4347136,0,1507,0,0,0,0,0,0,0,0,0,0,0,0,0,1780,0,0,0,0,0,0,0,0,0,0,0,0,0,0,1926,0,0,905,0,0,0,0,0,0,0,0,0
6,"GTT",0,0,0,0,0,0,0,0,0,0,0,0,0,0,0,428,0,0,0,0,0,0,0,0,0,0,0,0,0,0,0,0,0,0,0,0,0,0,0,760,0,0,0,0,0,967,0,4423581,0,0,0,0,0,0,0,0,0,0,0,0,0,0,299,0
7,"ATG",0,0,0,0,0,0,909,0,0,0,0,0,1366,0,4471709,0,0,0,0,0,0,0,0,0,0,0,0,0,0,0,0,0,0,0,0,0,0,0,0,0,0,0,0,0,0,0,836,0,0,0,0,0,0,0,0,0,0,0,231,0,0,0,0,826
8,"TGC",0,0,0,0,0,0,0,0,0,0,0,0,0,0,0,0,0,0,0,0,0,0,0,0,0,1031,0,0,0,0,0,0,0,0,0,0,0,0,0,0,0,0,0,0,0,0,0,0,0,1359,0,0,0,0,0,0,0,4543787,0,2789,0,0,0,0
9,"CTG",0,0,0,0,0,0,0,0,0,0,0,0,0,0,0,0,0,0,0,0,0,0,1587,0,0,0,0,0,2298,0,4604122,0,0,0,0,0,0,0,0,0,0,0,0,0,0,0,0,168,0,0,0,0,0,0,0,0,0,0,0,0,0,0,0,0
10,"CTG",0,0,0,0,0,0,0,0,0,0,0,0,0,0,0,0,0,0,0,0,0,0,1343,0,0,0,0,0,1403,0,4728982,0,0,0,0,0,0,0,0,0,0,0,115,0,0,0,0,0,0,0,0,0,0,0,0,0,0,0,0,0,0,0,1528,0
11,"GCA",0,0,0,0,3745,0,0,0,0,0,0,0,0,0,0,0,463,0,0,0,0,0,0,0,0,0,0,0,0,0,3748,817,0,0,0,0,4826775,0,1108,0,0,0,477,0,2277,0,1270,728,0,0,0,112,0,0,0,0,0,0,0,0,0,0,142,5159
12,"AAT",0,1286,0,4940848,0,0,0,0,0,0,0,0,0,0,0,0,0,0,575,0,0,0,0,0,0,0,0,0,0,0,0,0,0,0,0,684,0,0,0,200,0,0,0,0,0,0,0,0,0,0,0,0,226,0,0,606,0,0,0,0,0,0,0,0
13,"ACC",0,0,0,0,0,4982489,2274,7388,0,0,0,0,0,1181,448,761,0,0,0,0,0,0,0,0,0,0,0,0,0,0,0,6118,0,0,109,198,0,1062,179,1079,0,0,0,0,0,0,2803,1900,0,0,0,0,0,0,0,133,0,0,199,0,0,0,0,311
14,"ACG",0,0,0,0,3635,0,5022546,0,0,0,0,0,0,0,3814,0,0,0,922,109,0,0,0,1198,0,0,3023,121,0,0,328,123,0,0,0,0,0,0,1857,1315,0,0,292,237,0,0,685,0,0,0,0,0,0,0,0,0,0,0,472,0,0,0,0,0
15,"TTC",0,0,0,0,0,0,0,0,0,0,0,0,0,0,0,0,146,0,0,121,0,0,0,0,0,0,0,0,0,1121,0,624,0,0,0,0,0,0,0,0,0,0,0,0,0,0,0,0,0,0,0,0,0,1537,0,0,0,0,910,0,0,5002054,0,7862
16,"CCC",0,0,3624,10744,0,0,4538,4513,0,0,1934,3874,0,0,2254,1485,0,0,4897,3174,0,5021793,9564,1373,0,0,875,893,0,0,0,0,0,0,2462,1601,0,0,5037,2090,0,443,0,0,0,0,145,864,0,0,0,1555,0,1265,1407,8797,0,0,2181,1407,0,0,833,6395
17,"TGC",0,0,104,0,0,0,110,0,0,0,0,0,0,0,577,0,0,0,316,0,0,0,385,0,0,2068,0,0,0,0,187,237,0,0,0,158,0,0,220,570,0,0,276,323,0,0,368,0,0,3659,0,0,0,0,0,447,0,5161424,989,0,0,0,309,0
18,"TCC",0,0,617,3231,0,0,1999,7365,0,0,0,4664,0,0,2897,7157,0,0,2340,4385,0,3326,1949,649,0,0,1587,2194,0,0,1197,3936,0,0,4710,1222,0,0,5608,4167,0,0,129,2186,0,0,825,2173,0,0,0,6593,0,5130781,10359,11293,0,0,855,1636,0,2238,0,3931
19,"CAG",0,0,16380,6983,0,0,2115,0,0,0,2300,2258,0,0,2737,1405,3083,0,5136002,0,0,0,0,1059,0,0,11406,2973,0,0,9058,7083,0,0,2760,2295,0,0,4507,11082,0,0,1215,6595,0,0,4146,4379,0,0,2410,4343,0,0,1692,4235,0,0,4047,4286,0,0,6273,10552
20,"CCC",0,0,0,0,0,0,0,470,0,0,0,853,0,0,218,0,0,0,378,234,0,5293074,7562,14815,0,0,0,0,0,1273,0,0,0,0,372,0,0,0,0,104,0,0,160,0,0,0,606,0,0,0,0,660,0,3265,163,2598,0,0,251,144,0,0,0,492
21,"CCT",0,0,7181,10753,0,0,3057,0,0,0,851,1238,0,0,2691,6088,0,0,4778,0,0,2470,0,5188621,0,0,1340,7543,0,0,1858,7872,0,0,218,2389,0,0,1355,11813,0,0,2383,1453,0,0,4495,1804,0,0,0,10979,0,0,3326,0,0,0,982,2512,0,0,4259,4146
22,"TGC",0,0,126,913,0,0,254,321,0,0,0,0,0,0,1278,0,0,0,405,153,0,0,0,0,0,2005,118,435,0,0,0,0,0,156,0,2656,0,0,0,137,0,0,133,0,0,0,137,258,0,3806,0,212,0,0,0,694,0,5407873,2337,3888,0,0,740,651
23,"ACA",0,0,484,7555,5373156,0,9892,19409,0,0,2692,5954,2768,0,7094,0,0,0,3227,3613,0,0,3964,678,0,0,1249,1791,0,0,382,1680,0,0,727,2300,1880,0,2528,3375,0,0,1052,716,0,0,708,0,0,0,0,4462,0,0,2238,0,0,0,1624,1352,0,0,4423,3145
24,"CCC",0,0,0,1296,0,0,0,1163,0,0,0,507,0,0,0,1775,0,0,0,542,0,5422979,3944,1737,0,0,1329,0,0,2135,0,239,0,0,0,319,0,0,240,0,0,0,0,0,0,0,640,0,0,0,0,0,0,1148,0,2632,0,250,0,0,0,0,0,266
25,"TGC",0,0,0,0,0,0,0,0,0,0,135,500,0,0,0,0,0,109,0,0,0,0,0,0,0,3088,0,0,0,0,0,0,0,0,0,334,0,0,171,0,0,0,0,0,0,0,0,0,0,0,0,0,0,0,0,0,0,5498435,0,2267,0,0,0,0
26,"TGC",0,0,0,0,0,0,0,0,0,0,0,0,0,0,0,0,0,0,0,0,0,0,0,0,0,1454,0,0,0,0,0,339,0,0,0,0,0,0,0,0,0,0,0,0,0,0,0,0,0,0,0,0,0,0,0,0,0,5539236,0,6600,0,0,0,0
27,"TAC",0,0,0,0,0,0,0,0,0,0,0,0,0,133,0,0,0,1726,0,0,0,0,0,0,0,0,0,0,0,0,0,0,0,0,0,0,0,0,0,0,0,0,0,0,0,0,0,0,0,5574015,0,3569,0,0,0,0,0,987,0,302,0,0,0,0
28,"GAA",5341,0,0,0,0,0,0,0,0,0,0,0,0,194,111,0,0,0,0,0,0,0,0,0,0,0,0,0,0,0,0,0,5647868,0,1352,0,0,0,0,0,1533,0,0,0,0,0,0,0,0,0,0,0,0,0,0,0,0,0,0,0,0,0,239,0
29,"AAA",5686023,0,7293,0,0,0,0,300,0,0,612,758,0,0,0,0,0,0,0,0,0,0,0,0,0,0,0,2290,0,0,0,0,1027,0,583,0,0,0,615,0,0,0,144,565,0,0,140,0,0,0,0,0,0,0,0,0,0,0,0,0,0,0,0,1610
30,"GAG",0,179,0,0,0,0,0,0,0,0,321,0,0,0,0,0,0,0,0,429,0,0,0,0,0,0,0,0,0,0,0,0,0,3642,5669479,26878,0,0,586,0,0,0,1785,0,0,0,0,2752,0,0,0,0,0,0,0,0,0,0,1941,0,0,0,0,612
31,"CCG",0,0,0,776,0,0,0,0,0,0,0,1569,0,0,0,0,0,0,0,5989,3830,0,5581292,0,0,0,0,0,0,0,3023,111,0,0,0,0,0,0,0,3578,0,0,0,0,0,0,0,0,0,0,0,124,0,0,4682,0,0,0,0,984,0,0,199,0
32,"GAG",0,0,0,0,0,0,890,1284,605,0,0,196,0,0,2859,0,0,0,0,0,0,0,236,0,0,0,0,2126,0,0,2553,302,5607,0,5671753,0,0,0,0,820,0,0,2012,0,0,0,0,264,0,0,0,1907,0,0,0,719,0,0,0,1701,0,0,267,0
33,"AAA",5717612,0,0,0,0,0,0,0,1071,0,0,0,0,0,1019,0,0,0,0,0,272,0,0,0,0,0,0,0,0,0,0,0,1307,0,250,0,0,0,0,269,0,0,0,0,0,0,1081,1205,0,0,0,0,0,0,0,0,0,0,0,0,0,0,0,513
34,"ACC",0,0,0,263,0,5653906,7600,0,0,0,0,300,0,1032,267,3742,0,0,0,0,0,0,0,0,0,0,0,0,0,0,192,149,0,0,0,1144,0,0,2941,714,0,0,0,0,0,0,2895,0,0,0,0,0,0,0,1095,1521,0,0,0,268,0,0,110,0
35,"CTG",0,0,0,0,0,0,0,0,0,0,0,0,0,0,0,0,0,0,0,0,0,0,1810,111,0,0,0,0,0,0,5619296,0,0,0,0,0,0,0,0,0,0,0,0,0,0,0,0,0,0,0,0,0,0,0,0,0,0,0,0,0,0,0,901,0
36,"CGC",0,0,501,0,0,0,0,0,0,0,0,0,0,0,0,0,0,2597,0,0,0,0,0,0,0,5620666,0,2683,0,0,0,0,0,0,0,0,0,0,0,0,0,1625,0,0,0,0,0,0,0,0,0,0,0,0,0,0,0,4977,0,0,0,0,0,1630
37,"ATG",0,0,0,0,0,0,5074,163,0,0,0,0,0,0,5611028,0,0,0,0,0,0,0,0,0,0,0,0,0,0,0,0,0,0,0,0,0,0,0,890,0,0,0,0,0,0,0,954,1259,0,0,0,242,0,0,384,0,0,0,0,0,0,0,0,0
38,"CTA",0,0,0,0,0,0,0,0,0,0,0,0,0,0,0,0,0,0,0,0,1247,0,0,0,0,0,0,0,5652408,0,1313,0,0,0,0,0,0,0,0,132,0,0,0,0,0,0,120,0,0,0,0,0,0,0,0,0,0,0,0,0,1106,0,635,919
39,"GAA",0,0,0,0,0,0,0,0,0,0,0,126,0,0,0,0,0,0,0,0,0,0,0,0,0,0,0,0,0,0,0,0,5705020,0,1873,0,0,0,0,0,1046,0,0,0,0,0,0,0,0,0,0,0,0,0,0,0,0,0,0,0,0,0,0,0
40,"GAC",0,0,0,0,0,0,1262,0,121,0,0,0,0,0,0,0,0,0,0,0,0,0,0,0,0,0,0,950,0,0,0,0,0,5676854,5066,1121,154,0,0,307,0,1074,337,152,0,0,0,0,0,0,0,2562,0,0,266,0,0,0,1863,112,0,0,991,265
41,"AAC",0,5657492,0,4411,0,0,0,222,0,1098,0,274,0,0,765,405,0,0,0,0,243,0,0,0,0,123,0,0,0,0,136,0,0,1025,1548,521,0,0,0,995,0,0,0,0,109,0,0,145,0,0,0,0,0,0,2194,0,0,0,338,499,0,0,133,169
42,"GTC",117,0,0,0,0,0,286,0,0,0,384,1443,0,0,500,0,0,0,714,0,0,0,0,173,0,0,0,0,0,0,0,1116,0,0,0,281,0,1325,2148,115,0,0,657,222,0,5603968,0,6414,0,0,0,449,0,0,1847,930,0,0,167,0,0,0,0,3678
43,"ATG",0,0,0,0,0,0,2041,442,0,0,0,0,1493,0,4046880,0,0,0,1003,2305,0,0,0,165,0,0,0,1088,0,0,0,3173,0,0,0,1369,0,0,1477,995,0,148,432,1173,0,0,1761,0,0,0,0,4598,0,0,0,142,0,0,1689,1485,0,0,0,967
44,"AGC",0,1772,0,0,0,2452,0,0,0,3970289,0,1377,0,0,151,0,0,0,0,0,0,0,0,0,0,0,2879,0,0,0,0,0,0,0,0,0,0,0,146,0,0,1551,0,707,0,0,507,2301,0,0,0,323,0,0,0,0,0,0,1492,0,0,0,458,1762
45,"CCC",0,0,0,0,0,0,0,0,0,0,0,0,0,0,0,162,0,0,0,0,18518,3843677,1927,7840,0,0,0,0,0,0,0,0,0,0,0,0,0,0,0,0,0,0,0,0,0,0,0,0,0,0,0,1140,0,3745,182,0,0,0,0,0,0,0,0,0
46,"GGG",0,0,287,364,0,0,0,0,0,0,4858,1112,0,0,0,0,0,0,0,718,0,0,256,0,0,0,1067,0,0,0,388,161,0,0,0,0,0,0,0,923,828,0,3874212,0,0,0,0,0,0,0,0,0,0,0,0,0,0,0,19088,0,0,0,0,645
47,"TAC",0,0,0,0,0,0,0,0,0,0,0,0,0,0,0,0,0,1002,0,0,0,0,0,0,0,0,0,0,0,0,0,0,0,0,0,0,0,0,0,0,0,0,0,0,0,0,0,0,0,3978257,0,1893,0,0,0,0,0,590,0,0,0,0,993,0
48,"TAT",0,0,0,0,0,0,0,0,0,0,0,0,0,0,0,0,0,0,0,1346,0,0,0,0,0,0,0,0,0,0,0,0,0,753,280,0,0,0,0,0,0,0,0,0,0,0,0,0,0,792,0,4107788,0,0,0,0,0,0,0,649,0,0,0,0
49,"CAG",0,0,0,0,0,0,129,0,0,0,0,0,0,0,0,0,990,0,4019392,0,0,0,0,157,0,0,2021,667,0,0,0,0,0,0,0,0,0,0,375,0,0,0,617,526,0,0,0,0,0,0,1349,1566,107,0,0,1144,0,0,568,0,0,0,116,836
50,"CTG",0,0,0,0,0,0,0,0,0,0,0,306,0,0,0,0,0,0,0,0,0,0,1121,0,0,0,0,0,1969,0,3996962,0,0,0,0,0,0,0,0,316,0,0,0,0,0,0,0,0,0,0,0,0,0,0,0,0,0,0,0,0,0,0,1106,136
51,"CTA",0,0,0,0,0,0,0,121,0,0,0,0,0,0,0,0,0,0,0,0,1026,0,0,0,0,0,0,0,4048721,0,701,0,0,0,0,0,0,0,0,0,0,0,0,0,0,0,0,547,0,0,0,0,0,0,0,0,0,0,0,0,885,0,0,0
52,"CAA",0,0,121,0,0,0,211,0,0,0,0,1482,0,0,0,0,4075464,0,769,0,0,0,0,247,765,0,0,967,0,0,0,0,0,0,0,0,0,0,0,0,0,0,385,0,0,0,0,549,1214,0,0,0,0,0,0,1727,0,0,0,297,0,0,0,0
53,"GCA",0,0,0,0,0,0,0,0,0,0,0,0,0,0,0,394,0,0,0,0,0,0,0,0,0,0,0,0,0,0,0,0,0,0,197,0,4060959,0,1354,0,0,0,0,1652,1615,0,0,0,0,0,0,775,0,0,0,0,0,0,213,274,0,0,0,663
54,"TCC",0,0,0,0,0,0,0,0,0,0,0,2759,0,0,0,0,0,0,271,0,0,717,0,0,0,0,0,0,0,0,527,0,0,0,1839,0,0,0,189,0,0,0,556,889,0,105,0,681,0,0,0,0,0,4080320,0,952,0,0,0,0,0,0,144,218
55,"TTA",0,0,0,0,0,0,0,716,0,0,1943,0,0,0,1771,307,0,0,0,0,0,0,0,0,0,0,0,0,770,0,0,0,0,0,0,0,0,0,0,0,0,0,0,0,0,0,815,419,0,0,0,0,850,0,104,0,0,0,0,257,4141134,0,3848,0
56,"ACA",0,0,607,0,4145376,0,1322,0,0,0,0,0,1980,0,0,2288,0,0,0,0,0,0,140,0,0,0,0,0,0,0,1991,0,0,0,1937,0,677,0,0,0,0,0,258,0,0,0,0,0,0,0,0,0,0,0,0,0,0,0,1911,291,0,0,589,0
57,"TGT",0,0,399,0,0,0,0,0,0,0,0,0,0,0,0,0,0,0,0,0,0,0,0,0,0,0,0,0,0,0,600,0,0,0,0,0,0,0,0,0,0,0,0,0,0,0,0,0,0,0,0,0,0,0,0,0,0,1381,0,4189875,0,0,0,0
58,"TCT",0,0,0,622,0,0,0,0,0,0,0,0,0,0,0,0,0,0,0,0,0,0,0,1273,0,0,0,349,0,0,536,0,0,0,0,0,0,0,0,0,0,0,0,399,0,0,0,2761,0,0,0,0,0,2409,0,4208390,0,0,0,0,0,0,1979,0
59,"CCC",0,0,0,0,0,0,0,0,0,0,0,552,0,0,0,1250,0,0,0,0,16538,4181618,0,2389,0,0,0,0,0,1140,0,983,0,0,0,1702,0,0,0,0,0,0,0,101,0,0,0,0,0,0,0,0,0,1463,0,0,0,0,0,0,0,0,453,0
60,"CGC",0,0,0,0,0,0,0,0,0,19329,0,0,0,0,0,0,0,3522,0,0,0,0,973,0,0,4130241,3450,1619,0,0,0,1028,0,0,0,1079,0,0,1847,312,0,0,894,1150,0,0,1057,0,0,0,0,2333,0,0,0,0,0,2215,3399,0,0,0,0,0
61,"CGC",0,0,0,0,0,0,0,0,0,0,0,0,0,0,0,0,0,3773,0,0,0,0,0,0,0,4186022,0,2563,0,0,0,0,0,0,0,0,0,0,0,0,0,0,0,0,0,0,0,0,0,0,0,0,0,0,0,0,0,2029,0,0,0,0,0,0
62,"CAG",0,0,0,0,0,0,0,0,0,0,0,0,0,0,0,0,742,0,4243718,0,0,0,0,3026,0,0,2275,1381,0,0,0,0,0,0,0,898,0,0,0,1720,0,0,923,0,0,0,0,0,0,0,1738,0,0,0,0,0,0,0,101,254,0,0,0,0
63,"CGA",0,0,1102,879,0,0,0,0,0,0,0,0,0,0,0,0,1603,0,0,0,0,0,695,0,4291418,0,588,0,0,0,0,969,0,0,0,0,0,0,0,0,0,0,0,0,0,0,0,0,0,0,0,0,0,0,0,0,3676,0,0,0,0,0,0,865
64,"CGC",0,0,304,0,0,0,0,0,0,0,0,0,0,0,0,0,0,1992,0,0,0,0,0,0,0,4343114,0,1797,0,0,0,0,0,0,0,0,0,0,0,0,0,0,0,0,0,0,0,0,0,0,0,0,0,0,0,0,0,2331,0,0,0,0,0,0
65,"AGT",0,0,0,3621,0,0,1131,3776,0,3223,0,4414772,0,0,254,0,0,0,0,453,0,0,0,0,0,0,234,0,0,0,0,0,0,0,411,275,0,0,3847,1519,0,0,468,6477,0,0,0,0,0,0,0,367,0,0,341,944,0,0,135,0,0,0,0,1837
66,"ATT",0,0,0,0,0,0,0,685,0,0,0,0,0,1019,0,4470372,0,0,0,0,0,0,756,299,0,0,0,0,0,0,0,0,0,0,0,0,0,0,795,693,0,0,0,0,0,0,0,660,0,0,0,243,0,0,881,156,0,0,659,0,0,0,3300,0
67,"AAG",2262,0,4473756,0,0,0,0,0,0,0,1000,0,147,0,0,0,0,0,0,0,0,0,685,0,0,0,543,0,0,0,0,0,0,0,1308,0,0,0,0,0,0,0,125,0,0,0,0,0,0,0,0,0,0,0,0,0,0,0,2866,0,0,0,0,0
68,"GAC",0,0,0,0,0,0,3424,135,0,0,0,1039,0,131,0,117,0,0,0,948,0,0,282,0,0,0,0,0,0,0,0,1399,0,4500883,0,1481,0,0,0,0,0,772,0,0,0,0,0,0,0,0,0,384,0,0,0,0,0,0,287,0,0,0,0,304
69,"AAC",0,4525424,9984,6815,0,0,245,481,0,596,0,124,0,0,566,3663,0,0,2840,2426,0,0,0,1659,0,0,545,3682,0,0,466,1389,0,1098,2600,588,0,0,693,881,0,0,0,0,0,0,2094,0,0,0,0,0,0,0,1678,386,0,0,2526,0,0,0,3088,132
70,"TTC",0,0,0,0,0,0,0,0,0,0,276,0,0,0,0,0,0,0,0,0,0,0,125,864,0,0,774,0,0,1524,0,0,0,0,210,891,0,0,138,0,0,0,1284,110,0,0,1711,0,0,0,0,0,0,1525,0,0,0,0,0,742,0,4596413,0,2423
71,"AAT",0,685,0,4598342,0,0,0,0,0,0,0,1434,0,0,0,0,0,0,2257,0,0,0,0,0,0,0,469,0,0,0,151,0,0,0,113,1120,0,0,0,0,0,0,0,330,0,0,212,0,0,0,0,0,0,0,604,0,0,0,0,655,0,0,312,0
72,"GTC",0,0,0,347,0,0,0,1043,0,0,0,195,0,1599,5782,3968,0,0,0,0,0,0,199,0,0,0,1167,625,0,0,0,0,0,0,164,0,0,1381,1000,1059,0,0,0,1678,0,4594184,0,0,0,0,0,763,0,0,388,0,0,0,232,668,0,0,0,0
73,"TAT",0,0,0,0,0,0,0,0,0,0,0,0,0,0,0,0,0,0,0,2371,0,0,0,0,0,0,0,0,0,0,0,258,0,0,0,0,0,0,0,323,0,0,136,316,0,0,0,0,0,782,0,4721289,0,0,0,0,0,0,614,720,0,0,0,0
74,"AAA",4761375,0,1728,0,0,0,0,264,740,0,1604,131,0,0,0,0,0,0,0,0,0,0,0,0,0,0,0,0,0,0,0,0,827,0,0,0,0,0,0,0,0,0,0,0,0,0,0,0,0,0,0,0,0,0,0,0,0,0,0,0,0,0,0,0
75,"GCC",0,0,0,0,0,1744,0,0,0,0,0,0,0,0,0,1077,0,0,0,0,0,0,0,0,0,0,0,0,0,0,0,0,0,0,0,0,0,4713565,0,1064,0,0,0,0,0,783,0,0,0,0,0,0,0,0,168,0,0,0,0,0,0,0,1325,0
76,"ACA",0,0,0,0,4772677,0,3596,0,0,0,0,646,884,0,0,0,0,0,0,0,0,0,0,0,0,0,0,0,0,0,0,0,0,0,0,0,906,0,630,0,0,0,0,0,0,0,1421,350,0,0,0,145,0,0,0,0,0,0,0,1348,0,0,0,421
77,"AGA",0,0,191,0,0,0,884,0,4743715,0,1845,0,0,0,0,0,0,0,2087,0,0,0,0,0,0,0,169,1989,0,0,1317,0,0,0,0,0,0,0,245,0,848,0,106,0,0,0,1981,0,0,0,0,786,0,0,2893,267,0,0,0,0,0,0,0,415
78,"CCG",0,0,0,0,0,0,0,0,0,0,0,0,0,0,0,0,0,0,0,0,4214,0,4742065,0,0,0,0,0,0,0,0,0,0,0,0,0,0,0,0,775,0,0,0,0,0,0,369,143,0,0,0,0,0,0,1336,0,0,0,0,0,0,0,0,0
79,"TAC",0,0,0,0,0,0,0,0,0,0,0,0,0,0,0,0,0,1067,0,0,0,0,0,0,0,0,0,0,0,0,0,0,0,0,0,0,0,0,0,0,0,0,0,0,0,0,0,0,0,4824907,0,7288,0,0,0,0,0,851,0,0,0,0,0,991
80,"CTA",0,0,1482,380,0,0,1924,1402,0,0,0,417,0,0,0,0,0,0,1971,3211,2591,0,344,0,0,0,0,0,4797368,0,1850,0,0,0,426,2940,0,0,206,1074,0,0,3046,594,0,0,0,3388,0,0,0,0,0,0,0,0,0,0,791,0,0,0,1072,1139
81,"GCT",0,0,0,0,0,0,0,2396,0,0,0,1594,0,0,0,0,0,0,0,0,0,0,0,0,0,0,0,0,0,171,0,0,0,0,0,0,0,1745,0,4884351,0,0,138,4529,0,0,0,2689,0,0,143,0,0,0,0,0,0,0,0,2322,0,0,0,0
82,"CAC",0,0,1704,771,0,0,2917,3583,0,0,0,0,0,0,2398,4162,0,4819065,9533,0,0,0,837,2259,0,638,954,2093,0,0,0,0,0,0,164,2304,0,0,0,7665,0,0,1060,2561,0,0,1897,292,0,3594,0,2003,0,0,1418,2353,0,0,2700,3365,0,0,550,5405
83,"TGT",0,0,0,0,0,0,0,0,0,0,0,0,0,0,0,0,0,0,0,0,0,0,0,0,0,0,0,1665,0,0,0,0,0,0,0,0,0,0,0,0,0,0,0,0,0,0,0,0,0,0,0,0,0,0,0,0,0,1641,0,4913007,0,0,0,0
84,"CCC",0,0,0,0,0,0,837,1551,0,0,0,0,0,0,0,0,0,0,869,0,43310,4851694,0,5966,0,0,2458,0,0,0,0,210,0,0,0,135,0,0,0,426,0,0,0,0,0,0,0,0,0,0,0,215,0,1195,1836,0,0,0,0,0,0,0,271,113
85,"GAC",0,3681,406,299,0,152,0,0,0,0,0,1284,0,0,0,0,0,0,0,512,0,0,0,0,0,0,597,0,0,0,0,0,0,4916303,0,0,0,0,102,0,0,633,0,0,0,0,0,0,0,0,0,0,0,0,580,0,0,0,0,0,0,0,0,895
86,"TGT",0,0,0,0,0,0,0,0,0,0,0,0,0,0,0,0,0,0,0,0,0,0,0,0,0,0,0,1384,0,0,0,0,0,0,0,0,0,0,0,0,0,0,0,0,0,0,0,0,0,0,0,0,0,0,0,0,0,1757,0,4967688,0,0,0,0
87,"GGA",0,0,0,0,0,0,785,0,1256,0,0,0,0,0,0,0,0,0,0,0,0,0,0,0,0,1170,0,0,0,0,0,0,0,0,2053,3625,0,0,0,853,4992093,0,8055,0,0,0,0,0,0,0,0,1092,0,0,0,0,0,0,0,0,0,0,1097,0
88,"GAA",1614,0,0,0,0,0,2542,0,0,0,0,0,0,0,0,1036,0,0,0,0,0,0,0,873,0,0,0,0,2913,0,0,0,5010958,0,1768,0,0,0,4603,1064,951,0,1828,0,0,0,0,0,0,0,0,0,0,0,0,501,0,0,0,2030,0,752,482,0
89,"GGG",0,0,0,0,0,0,0,0,0,0,1806,0,0,0,0,0,0,0,0,498,0,0,0,0,0,0,1828,0,0,0,0,526,0,0,0,0,0,0,0,0,2427,0,5065471,0,0,0,0,0,0,0,0,253,0,0,0,0,0,0,18793,0,0,0,0,0
90,"CAC",0,0,0,0,0,0,0,0,0,0,859,130,0,0,0,0,0,5054115,0,0,0,0,0,127,0,1458,227,0,0,0,0,0,0,0,1474,0,0,0,0,0,0,0,537,1600,0,0,3912,0,0,4320,0,0,0,0,0,169,0,0,0,0,0,0,0,0
91,"TCG",0,0,0,0,0,0,0,0,0,0,226,881,0,0,0,0,0,0,114,0,0,0,856,0,0,0,996,0,0,0,0,0,0,0,2085,0,0,0,0,0,0,0,252,0,0,0,0,818,0,0,0,0,6475,0,5062163,0,0,0,0,0,0,0,0,0
92,"TGC",0,0,0,0,0,0,0,0,0,0,0,0,0,0,0,0,0,0,0,0,0,0,0,0,0,1037,0,0,0,0,0,0,0,0,0,0,0,0,0,0,0,0,0,0,0,0,0,0,0,1879,0,0,0,0,0,0,0,5098312,0,2583,0,0,0,0
93,"CAT",0,0,0,0,0,0,0,0,0,0,0,320,0,0,184,0,0,799,0,5109024,0,0,0,0,0,0,0,778,0,0,0,0,0,0,0,0,0,0,0,0,0,0,0,467,0,0,0,0,0,0,0,0,0,0,0,0,0,0,0,0,0,0,0,978
94,"AGT",0,0,0,0,0,0,711,0,0,1262,0,5097405,0,0,0,0,0,0,0,0,0,0,0,0,0,0,0,0,0,0,0,0,0,0,0,0,0,0,0,0,0,0,0,1086,0,0,0,0,0,0,0,0,0,0,0,847,0,0,0,0,0,0,0,0
95,"CCC",0,0,0,0,0,0,0,0,0,0,316,0,0,0,0,0,0,0,0,0,0,5033684,0,0,0,0,0,0,0,0,111,0,0,0,0,0,0,0,0,0,0,0,0,0,0,0,0,0,0,0,0,0,0,940,433,0,0,0,0,0,0,0,0,0
96,"GTA",0,0,0,0,0,0,0,333,0,0,0,0,4838,0,0,607,0,0,0,0,0,0,0,0,0,0,0,0,0,0,213,0,0,0,0,0,781,0,785,0,0,0,0,0,5065331,0,2099,0,0,0,0,0,0,0,0,976,0,0,0,0,0,0,0,0
97,"GCG",0,0,0,0,0,0,0,0,0,0,0,0,0,0,0,0,0,0,0,0,0,0,0,0,0,0,0,0,0,0,0,0,0,0,0,0,2367,0,4994339,0,0,0,0,0,0,0,0,0,0,0,0,0,0,0,0,0,0,0,0,240,0,0,0,0
98,"CTA",0,0,0,0,0,0,0,0,0,0,0,0,0,0,0,3304,0,0,0,0,1534,0,0,0,0,0,0,0,5001180,0,10282,0,0,0,0,0,0,0,0,0,0,0,0,0,0,0,0,0,0,0,0,0,0,0,0,0,0,0,0,0,0,0,344,0
99,"GAA",0,0,0,0,0,0,0,0,0,0,0,0,0,0,0,0,0,0,0,0,0,0,0,0,0,0,0,0,0,0,0,0,5079771,0,1160,0,0,0,0,0,854,0,0,0,0,0,0,0,0,0,0,0,0,0,0,0,0,0,0,0,0,0,0,0
100,"CGC",0,0,0,396,0,0,1258,0,0,0,1640,0,0,0,0,0,0,3664,148,0,0,0,0,484,0,5013855,2778,0,0,0,582,0,0,0,0,0,0,0,0,0,0,0,0,0,0,0,0,0,0,0,0,0,0,0,301,0,0,2528,186,0,0,0,0,0
101,"ATC",0,0,0,0,0,1324,569,0,0,0,0,0,0,5084325,0,2992,0,0,0,0,0,0,0,0,0,0,0,0,0,0,0,0,0,0,0,0,0,0,0,0,0,0,0,0,0,686,0,128,0,0,0,0,0,0,0,0,0,0,0,0,0,0,0,0
102,"AGA",3467,0,2219,0,0,0,0,0,5070968,0,863,0,0,0,656,0,0,0,0,496,0,0,0,0,0,0,0,0,0,0,0,985,165,0,0,0,0,0,0,0,1969,0,0,0,0,0,0,130,0,0,0,594,0,0,0,0,0,0,0,0,0,0,136,0
103,"AAC",0,5108422,0,5324,0,0,0,0,0,752,0,263,0,0,0,0,0,0,0,0,0,0,0,0,0,0,0,0,0,0,0,0,0,975,0,0,0,0,0,0,0,0,0,0,0,0,106,0,0,0,0,338,0,0,0,154,0,0,0,873,0,0,0,0
104,"GAA",0,0,0,0,0,0,0,0,0,0,0,0,0,0,0,0,0,0,128,0,0,0,0,0,0,0,0,0,0,0,0,0,5114234,0,1567,0,0,0,0,356,718,0,0,395,0,0,0,0,0,0,0,0,0,0,0,0,0,0,0,0,0,155,0,0
105,"GCG",0,0,0,0,0,0,0,0,0,0,0,0,0,0,0,0,0,0,0,0,0,0,0,0,0,0,0,0,0,0,0,0,0,0,0,0,2078,0,5091736,0,0,0,0,0,0,0,2308,101,0,0,0,0,0,257,0,0,0,0,0,135,0,0,0,0
106,"ACA",0,0,0,1066,5084481,0,7331,0,0,0,0,566,1824,0,0,2078,0,0,0,0,0,0,0,0,0,105,0,0,0,0,0,2884,0,0,0,0,753,0,0,0,0,0,0,0,0,0,110,0,0,0,0,1393,0,0,0,0,0,0,0,0,0,0,0,0
107,"GAC",0,0,0,0,0,0,0,0,0,0,0,0,0,0,0,0,0,0,0,0,0,0,0,0,0,0,0,0,0,0,0,0,0,5092894,0,3916,0,0,0,0,0,1172,0,0,0,0,0,0,0,0,0,0,0,0,0,0,0,0,0,0,0,0,0,0
108,"GGG",0,0,0,0,0,0,0,0,0,0,2150,1286,0,0,0,0,0,0,0,0,0,0,0,0,0,0,0,0,0,0,0,0,0,0,0,0,0,0,0,0,4304,0,5034908,0,0,0,0,0,0,0,0,127,0,0,0,0,0,0,0,0,0,0,0,0
109,"ACG",0,102,0,0,3556,0,5039966,0,0,0,0,663,0,0,2959,0,0,0,0,0,0,0,0,0,0,0,0,0,0,0,101,0,0,0,0,0,0,0,1194,2679,0,0,173,133,0,0,0,0,0,0,0,0,0,0,0,996,0,0,0,0,0,0,1489,166
110,"CTG",0,0,0,0,0,0,0,0,0,0,0,0,0,0,0,0,0,0,0,0,0,0,3219,0,0,0,0,0,3634,0,5077442,0,0,0,0,0,0,0,0,0,0,0,0,0,0,0,1845,0,0,0,0,0,0,0,0,0,130,0,0,0,0,0,1073,0
111,"AAA",5091305,0,3606,0,0,0,0,0,884,173,120,201,0,0,1268,0,0,0,559,275,0,0,0,0,0,0,1670,0,0,0,134,342,1111,0,0,0,0,0,0,0,0,0,0,0,0,0,0,111,0,0,0,0,0,0,1485,0,0,0,237,847,0,0,839,370
112,"ATC",0,0,0,270,0,1013,0,0,0,0,0,0,0,5078430,0,7463,0,0,0,0,0,0,0,0,0,0,0,0,0,0,0,0,0,0,0,0,0,0,0,0,0,0,0,0,0,592,907,0,0,0,0,0,0,0,0,0,0,0,0,0,0,0,436,0
113,"CAG",0,0,0,0,0,0,0,0,0,0,554,0,0,0,0,0,0,0,5033275,0,0,0,0,0,0,0,3062,0,0,0,0,0,0,0,0,0,0,0,0,0,0,0,0,0,0,0,0,0,0,0,0,810,0,0,0,0,0,0,0,0,0,0,0,0
114,"GTT",0,0,0,0,0,0,147,235,0,0,0,2803,0,0,0,0,0,0,0,0,0,0,0,0,0,0,0,0,0,0,0,0,0,0,0,0,0,0,414,2656,0,0,0,0,0,976,0,5026568,0,0,0,0,0,0,2245,141,0,0,0,0,0,0,0,0
115,"TCC",0,0,0,0,0,0,0,0,0,0,0,0,0,0,0,0,0,0,0,0,0,1032,0,0,0,0,0,0,0,0,0,0,0,0,0,0,0,0,0,0,0,0,0,0,0,0,0,0,0,0,0,0,0,4995896,0,2886,0,0,0,1197,0,0,0,0
116,"TTG",0,0,0,0,0,0,1432,0,0,0,0,0,0,0,0,0,0,0,0,0,0,0,0,0,0,0,0,0,0,0,1557,125,0,0,0,0,0,0,838,0,0,0,0,0,0,0,0,0,0,0,0,0,0,0,2367,0,0,124,0,0,2166,0,5020979,0
117,"CAA",0,0,0,0,0,0,0,0,0,0,0,0,0,0,0,145,5005893,0,935,0,0,0,0,0,1045,0,0,0,0,0,0,0,0,0,0,0,0,0,0,0,0,0,0,0,0,0,0,0,1483,0,0,0,0,0,0,0,0,0,0,0,0,0,0,0
118,"ATC",0,0,0,490,0,703,0,0,0,0,0,2632,0,5005010,0,13867,0,0,0,0,0,0,0,0,0,0,0,0,0,0,0,0,0,0,0,0,0,0,2425,0,0,0,0,0,0,0,0,0,0,0,0,0,0,0,0,0,0,0,0,1667,0,0,227,410
119,"GGA",0,0,1188,3134,0,0,0,0,12749,0,0,0,0,0,0,0,0,0,123,0,0,0,0,0,0,0,0,0,0,0,0,0,1898,0,0,0,0,0,0,0,4997088,0,1872,0,0,0,0,0,0,0,0,109,0,0,0,0,0,0,938,0,0,0,0,0
120,"ATA",0,0,0,102,587,0,0,0,0,0,101,0,5054335,0,3738,0,0,0,0,0,0,0,0,0,0,0,0,0,0,0,527,0,0,0,0,0,0,0,0,0,0,0,0,0,739,0,0,0,120,0,0,0,0,0,0,1141,0,0,256,0,0,0,583,0
121,"AAG",0,0,5024557,0,0,0,0,0,0,0,4433,0,0,0,0,2359,0,0,0,0,0,0,0,0,0,0,0,1174,0,0,0,0,0,0,938,0,0,0,0,0,0,0,594,2071,0,0,396,0,0,0,0,0,0,0,1107,0,0,0,0,0,0,0,0,177
122,"ACG",0,0,0,0,2849,0,4961099,0,0,0,0,0,0,0,2416,0,0,0,0,0,0,0,0,209,0,0,0,216,0,0,731,479,0,0,0,0,0,0,1409,3688,0,0,0,0,0,0,1386,0,0,0,0,0,0,0,0,0,0,0,0,0,0,0,0,411
123,"GAT",0,0,0,2762,0,0,0,0,0,0,0,0,0,0,0,0,0,0,0,0,0,0,0,0,0,0,0,0,0,0,0,0,0,831,0,5042982,0,0,0,0,0,0,0,1548,0,0,0,0,0,0,0,0,0,0,0,0,0,0,0,0,0,0,0,0
124,"GAT",0,0,0,4432,0,0,0,0,0,0,0,0,0,0,0,0,0,0,444,0,0,0,0,0,0,0,0,0,0,0,202,0,0,696,0,5052510,0,0,2461,0,0,0,0,981,0,0,0,0,0,0,0,0,0,0,2221,746,0,0,0,3869,0,0,944,0
125,"AGC",0,1984,0,0,0,0,2178,0,0,5043997,0,2152,0,0,0,0,0,0,0,0,0,0,0,0,0,0,0,0,0,0,0,0,0,0,0,0,0,0,0,192,0,1365,0,0,0,0,1039,0,0,0,0,0,0,0,0,0,0,0,0,0,0,0,0,0
126,"CAT",0,0,0,0,0,0,160,0,0,0,6423,0,0,0,0,3022,0,808,0,4977368,0,0,1228,0,0,0,1422,12701,0,0,339,0,0,0,0,0,0,0,6090,279,0,0,0,510,0,0,472,528,0,0,0,4201,0,0,454,658,0,0,0,1309,0,0,0,547
127,"GAT",0,0,0,0,0,0,0,0,0,0,0,0,0,0,0,0,0,0,0,0,0,0,0,0,0,0,0,0,0,0,0,0,0,669,0,5064932,0,321,0,0,0,0,0,951,0,0,0,0,0,0,0,0,0,0,0,0,0,0,110,334,0,0,0,0
128,"TGG",0,0,0,0,0,0,0,0,0,0,25288,0,0,0,0,1732,0,0,0,0,0,0,0,0,0,0,6475,3088,0,0,737,0,0,0,0,0,0,0,995,0,0,0,1673,0,0,0,1215,472,0,0,1338,422,0,0,3068,0,1238,0,4970871,0,0,0,0,0
129,"ACC",0,0,0,0,0,5014983,0,1652,0,0,0,0,0,0,0,0,0,0,0,174,1269,0,0,0,0,0,0,0,0,0,0,0,0,0,0,0,0,1187,752,0,0,0,0,0,0,0,0,2093,0,0,0,0,0,0,0,0,0,0,0,0,0,0,0,2137
130,"AAG",0,0,5031728,0,0,0,0,2971,0,0,1187,0,0,0,0,0,0,0,0,0,0,0,0,0,0,0,202,618,0,0,1032,0,0,0,1477,297,0,0,3004,0,0,0,0,0,0,0,0,597,0,0,0,0,0,0,0,165,0,0,0,526,0,0,0,0
131,"CTG",0,0,0,0,0,0,0,0,0,0,0,0,0,0,0,0,0,0,0,0,0,0,1350,0,0,0,0,0,1268,0,4999115,0,0,0,0,0,0,0,0,0,0,0,0,0,0,0,0,0,0,0,0,0,0,0,0,0,0,0,0,0,0,0,1602,0
132,"CGT",0,0,0,0,0,0,0,0,0,0,0,0,0,0,0,0,0,0,0,1677,0,0,0,0,0,1061,0,4994036,0,0,0,0,0,0,0,0,0,0,0,0,0,0,0,0,0,0,0,0,0,0,0,0,0,0,0,0,0,0,0,4493,0,0,0,0
133,"TAC",0,0,0,0,0,0,0,0,0,0,0,0,0,0,0,0,0,999,0,0,0,0,0,0,0,0,0,0,0,0,628,0,0,0,0,0,0,0,0,0,0,0,0,0,0,0,0,0,0,5013550,0,3530,0,0,0,0,0,842,0,0,0,0,0,0
134,"ATG",0,0,0,0,0,0,981,462,0,0,0,0,1705,0,4957549,0,0,0,0,0,0,0,0,0,0,0,0,0,0,0,0,0,0,0,1923,0,0,0,0,0,0,0,0,0,0,0,1013,0,0,0,0,0,0,0,0,0,0,0,336,0,0,0,0,0
135,"GAC",0,0,0,0,132,0,0,0,0,0,0,251,0,0,2332,0,0,0,835,0,0,0,410,0,0,0,0,0,0,0,185,2708,0,4990658,0,1409,341,0,0,247,0,1438,299,3292,0,0,383,837,0,0,0,0,0,396,893,0,0,0,0,0,0,0,0,268
136,"AAT",0,1186,0,5021974,0,0,0,0,0,0,4081,711,0,0,0,0,0,0,0,0,0,0,0,0,0,0,744,0,0,0,0,4542,0,0,0,857,0,0,444,665,0,0,921,231,0,0,0,0,0,0,0,0,0,0,0,0,0,0,0,695,0,0,0,2184
137,"CAT",0,0,0,0,0,0,3071,1096,0,0,477,515,0,0,1443,1707,0,1024,0,5000145,0,0,0,0,0,0,0,1536,0,0,1616,0,0,0,752,0,0,0,0,587,0,0,0,0,0,0,0,0,0,0,0,3752,0,0,0,0,0,0,281,0,0,0,3447,1036
138,"ATG",0,0,0,0,0,0,1188,0,0,0,0,280,6573,0,4990424,0,0,0,243,843,0,0,0,0,0,0,507,0,0,0,0,0,0,0,0,0,0,0,0,2229,0,0,897,0,0,0,1604,2718,0,0,0,3645,0,0,815,422,0,0,0,246,0,0,0,0
139,"CCA",0,0,0,104,0,0,149,0,0,0,0,0,0,0,2311,181,0,0,200,1806,4939597,0,1743,0,0,0,0,0,1294,0,3809,5211,0,0,0,727,0,0,0,0,0,0,0,462,0,0,0,973,0,0,0,0,3832,0,0,0,0,0,0,0,0,0,257,230
140,"GCA",0,0,229,0,1836,0,0,2979,0,0,0,0,0,0,0,1014,0,0,747,1509,0,0,0,0,0,0,1078,224,0,0,135,0,0,0,143,1328,4923706,0,1970,0,0,0,0,0,4755,0,0,0,0,0,0,2252,0,0,307,2221,0,0,1554,150,0,0,0,0
141,"GAC",0,0,0,338,0,0,0,0,0,0,0,395,0,0,1152,981,0,0,169,225,0,0,0,0,0,0,0,0,0,0,1503,287,0,4956271,0,1995,0,0,131,754,0,1041,274,386,0,0,280,429,0,0,0,0,0,0,389,353,0,0,0,4144,0,0,535,0
142,"GCA",0,0,0,255,3303,0,387,0,0,0,0,2124,0,0,0,0,0,0,0,0,0,0,0,0,0,0,0,0,0,0,0,0,0,0,1928,0,4932184,0,3624,0,0,0,254,0,1420,0,724,0,0,0,0,230,0,0,0,2850,0,0,0,1932,0,0,574,394
143,"GAG",0,0,0,0,0,0,0,0,0,0,0,0,0,0,0,0,0,0,0,0,0,157,0,0,0,0,0,0,0,0,0,0,1055,0,4912705,14462,0,0,0,0,0,0,2743,2475,0,0,0,0,255,0,0,0,0,0,0,0,0,0,0,0,0,0,0,0
144,"AGG",0,0,1191,529,0,0,0,702,2724,0,4908730,0,0,0,0,0,0,0,0,0,0,0,0,0,0,0,0,328,0,0,0,0,0,0,0,382,0,0,0,0,0,0,8149,0,0,0,1110,0,0,0,0,228,0,0,0,0,0,0,0,0,0,0,0,0
145,"GCC",0,0,0,0,0,1838,0,1506,0,0,0,3641,0,0,0,0,0,0,787,0,0,0,0,0,0,0,0,0,0,0,0,0,0,22619,0,0,25658,4900866,0,2814,0,0,892,0,0,9623,0,0,0,0,0,1497,0,0,250,0,0,0,214,0,0,0,0,0
146,"GGG",0,0,819,861,0,0,0,1040,0,0,4343,758,0,0,0,340,0,0,742,311,0,0,5539,0,0,0,1291,115,0,0,3825,362,0,0,1604,320,0,0,5284,0,2358,0,4887170,0,0,0,0,0,0,0,0,237,0,0,4875,141,0,0,28285,0,0,0,0,244
147,"CTA",0,0,0,0,0,0,0,0,0,0,0,0,0,0,0,0,0,0,0,0,811,0,0,0,0,0,0,0,4960709,0,2839,0,0,0,0,0,0,0,0,0,0,0,0,0,0,0,0,1114,0,0,0,0,0,0,0,0,0,0,0,0,2098,0,0,1507
148,"TTT",0,0,6119,0,0,0,2251,243,0,0,12056,2034,0,0,149,0,0,0,0,0,0,0,0,0,0,0,560,1319,0,0,0,6328,0,0,0,0,0,0,0,434,0,0,1070,0,0,0,5390,0,0,0,0,0,0,0,1897,1066,0,0,511,0,0,1367,0,4989147
149,"GTA",0,0,0,0,0,0,2224,0,0,0,0,0,859,0,0,1302,0,0,0,0,0,0,0,0,0,0,0,0,0,0,0,0,0,0,0,0,843,0,0,144,0,0,206,0,5019387,0,2351,0,0,0,0,0,0,0,408,235,0,0,0,104,0,0,1479,0
150,"AGA",733,0,443,0,0,0,0,230,4953019,0,896,0,0,0,0,1310,0,0,0,0,0,0,0,0,0,0,3823,0,0,0,0,0,0,0,0,1185,0,0,0,646,994,0,0,2007,0,0,437,0,0,0,0,1547,0,0,1783,0,0,0,1188,0,0,0,0,184
151,"ACG",115,0,0,0,2598,0,4922581,0,0,0,0,0,0,0,1585,0,0,0,0,0,0,0,0,0,0,0,0,0,0,0,0,0,0,0,0,0,0,0,1954,0,0,0,2094,0,0,0,0,0,0,0,0,0,0,0,0,0,0,0,0,0,0,0,0,0
152,"TCA",0,0,0,0,0,0,0,0,0,0,133,1471,0,0,1759,669,0,0,0,0,1046,0,0,0,0,0,0,0,0,0,0,0,0,0,0,0,0,0,0,827,0,0,0,0,0,0,0,0,0,0,0,0,4989543,0,4726,0,0,0,0,0,2151,0,1012,0
153,"GCA",0,0,0,0,1477,0,0,0,0,0,0,0,0,0,0,0,0,0,264,0,0,0,0,0,0,0,0,0,0,0,1818,0,0,0,0,0,4923419,0,1297,0,0,0,0,0,2606,0,315,0,0,0,0,0,0,0,0,0,0,0,0,0,0,0,0,0
154,"CCG",0,0,0,607,0,0,0,0,0,0,461,0,0,0,0,0,0,0,0,0,5507,0,4849842,0,0,0,2967,0,0,0,1868,0,0,0,0,0,0,0,0,0,0,0,392,0,0,0,0,2087,0,0,0,0,0,0,2303,0,0,0,0,0,0,0,0,0
155,"TGC",0,0,0,0,0,0,0,0,0,0,0,0,0,0,0,0,0,0,0,0,0,0,0,0,0,1445,0,0,0,0,0,0,0,0,0,0,0,0,0,0,0,0,0,0,0,0,0,0,0,2168,0,0,0,0,0,0,0,4895292,0,7398,0,0,0,0
156,"ACG",0,0,0,0,2839,0,4886017,0,0,0,2577,2453,0,0,6653,0,0,0,0,0,0,0,0,0,0,0,0,494,0,0,3901,0,0,0,2734,221,0,0,2112,0,0,0,1731,0,0,0,6090,0,0,0,0,529,0,0,0,0,0,0,0,0,0,0,0,0
157,"ATT",0,0,0,0,0,0,0,0,0,0,0,0,0,979,0,4965284,0,0,0,0,0,0,0,0,0,0,0,0,0,0,0,0,0,0,0,0,0,0,719,0,0,0,0,0,0,0,0,590,0,0,0,0,0,0,0,0,0,0,0,0,0,0,0,0
158,"ACT",0,0,0,0,0,2509,0,4993442,0,0,516,0,0,0,0,3154,0,0,0,1667,0,0,0,0,0,0,0,0,0,0,646,0,0,0,0,0,0,0,0,842,0,0,1260,0,0,0,0,0,0,0,0,0,0,0,2144,0,0,0,360,0,0,0,667,0
159,"GGA",0,0,0,0,0,0,0,0,1816,0,1872,156,0,0,0,0,0,0,0,0,0,0,0,0,0,0,0,638,0,0,0,0,1320,0,0,1729,0,0,144,0,4971391,0,1479,0,0,0,1136,0,0,0,0,0,0,0,0,0,0,0,0,0,0,0,0,0
160,"ACA",0,0,1798,0,4926769,0,1471,0,0,0,872,483,0,0,2247,0,247,0,4352,0,0,0,0,0,0,0,0,1596,0,0,0,572,0,0,0,521,837,0,0,824,0,0,0,268,0,0,0,0,0,0,0,770,0,0,698,0,0,0,418,0,0,0,921,0
161,"ATG",0,0,0,1417,0,0,1152,2426,0,0,0,850,1900,0,4892527,0,0,0,0,614,0,0,0,0,0,0,1093,913,0,0,0,0,0,0,0,0,0,0,0,327,0,0,0,422,0,0,773,405,0,0,0,0,0,0,433,0,0,0,1182,763,0,0,0,763
162,"GGA",0,0,0,136,0,0,1396,0,0,0,0,0,0,0,0,0,0,0,211,102,0,0,0,0,0,0,0,0,0,0,0,268,0,0,0,786,0,0,0,430,4927995,0,3211,0,0,0,0,0,0,0,0,3195,0,0,642,0,0,0,0,0,0,0,107,0
163,"CAC",0,0,0,0,0,0,0,0,0,0,0,0,0,0,0,0,0,4966456,0,892,0,0,0,308,0,624,0,0,0,0,0,0,0,0,0,0,0,0,0,142,0,0,0,0,0,0,0,0,0,1614,0,0,0,0,0,0,0,0,1236,0,0,0,0,0
164,"TTC",0,0,0,0,0,0,0,0,0,0,0,0,0,0,0,0,160,0,0,758,326,0,0,0,0,0,0,0,0,1471,165,0,0,0,0,165,0,0,0,0,0,0,0,0,0,0,397,648,0,0,0,0,0,1548,0,0,0,0,289,0,0,4951687,0,4432
165,"ATC",0,0,0,0,0,1573,0,0,0,0,0,0,0,4936562,0,3114,0,0,0,0,0,183,0,0,0,0,0,0,0,0,741,302,142,0,0,0,0,0,0,206,0,0,0,0,0,644,0,0,0,0,0,0,0,0,0,0,0,0,0,0,0,0,0,0
166,"CTG",0,0,996,0,0,0,0,0,0,0,0,0,0,0,0,0,0,0,0,0,0,0,2699,0,0,0,0,0,2136,0,4855102,0,0,0,0,0,0,0,489,0,0,0,0,0,0,0,0,0,0,0,0,0,0,0,0,0,0,0,349,0,0,0,966,0
167,"GCC",0,0,0,0,0,1706,0,253,0,0,0,0,0,0,0,0,0,0,0,0,0,0,0,0,0,0,0,0,0,0,0,0,0,0,0,0,0,4881359,0,0,0,4901,665,0,0,2086,0,0,0,0,0,0,0,0,0,0,0,0,0,0,0,0,0,0
168,"CGA",0,0,0,0,0,0,0,0,33503,0,1519,0,0,0,0,0,4147,0,0,128,0,0,0,0,4860963,0,1034,0,0,0,0,0,0,0,0,279,0,0,225,145,0,0,0,0,0,0,363,1265,0,0,0,0,0,0,0,0,2766,0,557,0,0,0,0,0
169,"TGT",0,0,0,0,0,0,0,0,0,0,0,0,0,0,0,0,0,0,0,0,0,0,0,0,0,0,0,793,0,0,0,0,0,0,0,0,0,0,0,0,0,0,0,0,0,0,0,0,0,0,0,1098,0,0,0,0,0,2210,0,4906590,0,0,0,0
170,"CCG",0,0,0,308,0,0,0,1062,0,0,965,1043,0,0,0,257,0,0,32059,0,6268,0,4829099,0,0,0,3154,2331,0,0,3026,0,0,0,1585,113,0,0,0,0,0,0,950,0,0,0,0,0,0,0,0,0,0,0,2280,0,0,0,0,0,0,0,0,0
171,"AAA",4912696,0,1522,0,0,0,0,0,1060,0,697,894,0,0,0,0,0,0,2513,0,0,0,598,1640,0,0,0,1922,0,0,176,0,1273,0,0,1655,0,0,0,1136,0,0,520,943,0,0,348,3181,0,0,0,0,0,0,0,0,0,0,313,0,0,0,0,1031
172,"GGA",0,0,0,0,0,0,0,0,881,0,0,197,0,0,0,0,0,0,0,287,0,0,0,0,0,0,0,0,0,0,0,0,0,0,244,0,0,0,0,0,4924264,0,2953,0,0,0,0,0,0,0,0,167,0,0,1581,252,0,0,0,0,0,0,0,0
173,"GAA",3069,0,0,1181,0,0,0,301,0,0,495,787,0,0,2327,0,0,0,451,1018,0,0,813,758,0,0,0,0,0,0,0,1363,4968793,0,3598,0,0,0,481,0,1016,0,109,116,0,0,2286,0,0,0,0,0,0,0,0,2868,0,0,2204,519,0,0,0,291
174,"ACT",0,399,3592,0,0,1181,0,4932498,0,0,110,0,0,0,434,682,0,0,618,685,0,0,0,0,0,0,484,779,0,0,1566,262,0,0,1601,0,0,0,333,2404,0,0,0,4502,0,0,0,0,0,0,0,0,0,0,0,0,0,0,0,1787,0,0,0,2777
175,"CTG",0,0,0,0,0,0,0,0,0,0,0,0,0,0,0,0,0,0,0,0,0,0,1228,0,0,0,0,0,1317,0,4880231,0,0,0,0,0,0,0,552,0,0,0,0,0,0,0,2089,119,0,0,0,0,0,0,0,0,0,0,0,0,0,0,6309,2197
176,"ACG",0,0,0,1591,2417,0,4854250,0,0,0,2047,0,0,0,2577,131,0,0,353,382,0,0,0,0,0,0,0,1187,0,0,0,105,0,0,958,0,0,0,1744,170,0,0,909,179,0,0,0,0,0,0,0,0,0,0,0,0,0,0,0,0,0,0,3457,0
177,"GTG",0,0,0,0,0,0,2056,0,0,0,0,0,0,113,2481,0,0,0,0,0,0,0,0,0,0,0,0,0,0,0,0,0,0,0,0,0,0,0,4073,2836,0,0,0,0,3261,0,4881920,13153,0,0,0,0,0,0,458,0,0,0,0,8143,0,126,0,0
178,"GGA",0,0,0,0,0,0,1614,0,1109,0,0,0,0,0,0,0,0,0,0,0,0,0,0,0,0,0,122,152,0,0,0,154,0,0,599,424,0,0,666,0,4983343,0,2522,0,0,0,0,0,0,0,0,765,0,0,0,1163,0,0,0,0,0,0,0,0
179,"TTC",0,0,0,0,0,0,0,0,0,0,0,0,0,0,243,116,0,0,0,0,0,0,0,0,0,0,0,0,0,988,5006,826,0,0,0,0,0,0,0,0,0,0,0,0,0,0,0,0,0,0,0,675,0,1204,0,0,0,0,0,0,0,4995771,2260,1540
180,"ACT",0,0,590,0,0,1029,5057,4927550,0,0,1287,2724,0,0,2572,2432,0,0,983,2353,0,0,685,0,0,0,0,137,0,0,1156,4128,0,0,1166,2874,0,0,2766,5367,0,0,0,2903,0,0,3196,2898,0,0,0,4520,0,0,931,0,0,0,2122,2251,0,0,3129,749
181,"GAC",0,1721,0,170,0,0,0,0,0,0,0,679,0,0,0,0,0,0,0,0,0,0,0,0,0,0,0,0,0,0,0,0,0,4963071,0,3486,0,0,0,0,0,1037,0,262,0,0,0,0,0,0,0,0,0,0,0,0,0,0,0,1002,0,0,185,0
182,"GGT",0,0,0,0,0,0,163,788,0,0,0,7136,0,0,613,0,0,0,856,1127,0,0,0,327,0,0,0,0,0,0,1950,112,0,0,0,2120,0,0,138,3365,0,2035,0,4945495,0,0,0,0,0,0,0,0,0,0,509,419,0,0,0,0,0,0,0,1397
183,"AGG",0,0,635,720,0,0,983,1173,0,0,5009205,0,0,0,0,0,0,0,402,0,0,0,473,1316,0,0,0,1799,0,0,1664,0,0,0,0,555,0,0,0,671,0,0,2513,294,0,0,0,934,0,0,0,0,0,0,0,213,0,0,0,0,0,0,3242,1301
184,"AAG",863,0,5009925,0,0,0,0,2023,0,0,1879,143,0,0,0,1582,0,0,0,0,0,0,0,0,0,0,208,0,0,0,495,0,0,0,1439,0,0,0,1365,318,0,0,1419,1582,0,0,0,485,0,0,0,0,0,0,821,468,0,0,0,104,0,0,0,1244
185,"ATC",0,0,518,4548,0,823,505,0,0,0,0,5198,0,5043844,0,2185,0,0,0,139,0,0,0,0,0,0,0,1718,0,0,0,0,0,0,0,0,0,0,0,0,0,0,329,223,0,897,0,0,0,0,0,0,0,0,0,2823,0,0,0,0,0,0,0,945
186,"AGT",0,0,1205,5934,0,0,459,0,0,1106,3834,4986320,0,0,1033,0,0,0,3402,3060,0,0,519,0,0,0,4908,0,0,0,4335,1834,0,0,2370,1296,0,0,1589,2639,0,0,1991,3534,0,0,3622,10011,0,0,0,4144,0,0,236,0,0,0,950,0,0,0,0,515
187,"CAC",0,0,1487,0,0,0,0,0,0,0,0,1082,0,0,313,0,0,5047701,2784,1511,0,0,305,0,0,693,0,1497,0,0,0,0,0,0,0,0,0,0,0,0,0,0,0,0,0,0,0,0,0,1581,0,995,0,0,0,0,0,0,0,0,0,0,0,132
188,"TCA",0,0,0,132,0,0,0,0,0,0,0,0,0,0,0,0,0,0,345,1227,1158,0,0,0,0,0,933,3169,0,0,156,0,0,0,0,0,0,0,0,1636,0,0,0,1578,0,0,0,0,0,0,0,773,5033142,0,1071,0,0,0,0,0,1556,0,0,1829
189,"TGT",0,0,0,0,0,0,0,0,0,0,0,0,0,0,0,0,0,0,0,0,0,0,0,0,0,0,0,922,0,0,0,0,0,0,0,0,0,0,0,0,0,0,0,0,0,0,0,0,0,0,0,1575,0,0,0,0,0,1558,0,5056024,0,0,0,0
190,"ACG",0,0,0,0,6173,0,5037112,0,0,0,0,0,0,0,6375,0,0,0,0,332,0,0,0,0,0,0,0,307,0,0,1250,1013,0,0,786,0,0,0,2612,0,0,0,0,127,0,0,109,1298,0,0,0,0,0,0,0,0,0,0,0,0,0,0,0,0
191,"CAC",0,0,0,0,0,0,0,3922,0,0,0,0,0,0,0,0,0,5118477,2520,3546,0,0,0,0,0,1102,422,0,0,0,2802,0,0,0,0,0,0,0,0,0,0,0,641,275,0,0,0,0,0,3864,0,0,0,0,0,0,0,0,0,274,0,0,0,198
192,"CCA",0,0,0,0,0,0,0,1036,0,0,0,0,0,0,1697,0,28437,0,0,0,5010311,0,570,0,0,0,132,0,1573,0,0,0,0,0,0,2403,0,0,0,0,0,0,0,0,0,0,0,0,0,0,0,0,1522,0,0,0,0,0,0,0,0,0,420,0
193,"TTT",0,0,195,0,0,0,0,0,0,0,0,0,0,0,0,0,0,0,533,1707,0,0,0,0,0,0,102,0,0,0,899,2474,0,0,0,0,0,0,0,0,0,0,0,0,0,0,661,0,0,0,0,0,0,0,0,0,0,0,1212,0,0,0,4320,5038425
194,"CAC",0,0,553,311,0,0,1997,1048,0,0,1358,210,0,0,0,124,0,4974855,0,3084,0,0,2933,5424,0,1113,1125,3799,0,0,6714,328,0,0,764,0,0,0,619,442,0,0,227,0,0,0,1371,191,0,1528,126,202,135,0,5149,169,0,0,0,0,0,0,2354,219
195,"CAC",0,0,0,959,0,0,2010,1274,0,0,0,0,0,0,0,0,0,4955388,0,10185,0,0,101,0,0,1395,110,0,0,0,3310,143,0,0,0,0,0,0,319,0,0,0,0,0,0,0,0,0,0,1398,0,0,0,0,560,0,0,0,355,479,0,0,0,440
196,"GAC",0,2297,0,2314,0,0,317,285,0,0,0,1227,0,0,4072,1308,0,0,1231,1266,0,0,0,0,0,0,0,0,0,0,0,0,0,4988478,0,1558,0,0,1423,0,0,827,313,172,0,0,408,0,0,0,0,1374,0,0,667,717,0,0,2327,1403,0,0,568,1569
197,"CCT",0,0,114,1170,0,0,1536,0,0,0,1194,388,0,0,1989,1668,0,0,314,21437,0,2165,0,4902770,0,0,151,3071,0,0,1414,1166,0,0,340,402,0,0,3274,4931,0,0,2992,2952,0,0,123,3235,0,0,0,0,0,0,136,0,0,0,302,186,0,0,2609,1073
198,"CCT",0,0,1210,4608,0,0,3056,0,0,0,3549,306,0,0,486,1617,0,0,3880,0,0,3134,0,4889194,0,0,522,0,0,0,8484,3959,0,0,1090,7282,0,0,637,4520,0,0,1818,2085,0,0,150,1364,0,0,0,2783,0,0,1191,6510,0,0,0,1481,0,0,535,2816
199,"GTG",0,0,1050,3002,0,0,2000,2505,0,0,3036,477,0,0,2338,945,0,0,0,1439,0,0,1360,0,0,0,768,778,0,0,0,470,0,0,0,1671,0,0,3734,298,0,0,0,0,1582,0,4946425,0,0,0,0,3712,0,0,942,686,0,0,1237,552,0,0,13833,3911
200,"ATA",0,0,0,4886,846,0,0,0,0,0,0,0,5013814,0,2804,0,0,0,0,1422,0,0,715,895,0,0,0,0,0,0,272,551,0,0,0,0,0,0,0,0,0,0,292,0,1099,0,812,803,0,0,0,501,0,0,0,479,0,0,181,1881,0,0,182,997
201,"GGC",0,0,0,0,0,0,0,0,0,0,488,0,0,0,0,0,0,0,0,0,0,0,0,0,0,0,0,0,0,0,0,0,0,1688,0,0,0,0,138,0,0,4967310,3458,9533,0,0,0,0,0,0,0,0,0,0,0,1061,0,0,0,177,0,0,0,0
202,"CGG",0,0,3453,0,0,0,0,0,0,0,0,0,0,0,1282,0,0,0,4240,301,0,0,1633,0,5101,0,4902519,0,0,0,0,0,0,0,0,0,0,0,3069,571,0,0,0,0,0,0,0,0,0,0,0,0,0,0,598,141,0,0,3295,674,0,0,0,3404
203,"GAA",39484,0,0,0,0,0,0,667,0,0,0,374,0,0,0,3261,0,0,0,0,0,0,0,0,0,0,0,0,0,0,0,119,4989652,0,1820,0,0,0,116,442,1012,0,0,0,0,0,258,867,0,0,0,0,0,0,0,120,0,0,0,0,0,0,0,0
204,"AAA",5171999,0,4362,0,0,0,399,235,0,0,0,0,0,0,0,0,0,0,587,131,0,0,0,0,0,0,0,1061,0,0,0,0,891,0,0,1214,0,0,448,0,0,0,0,1338,0,0,0,0,0,0,0,0,0,0,700,0,4227,0,0,0,0,0,0,0
205,"TTT",0,0,0,4615,0,0,669,588,0,0,0,0,0,0,0,0,0,0,0,0,0,0,0,0,0,0,0,0,0,0,0,843,0,0,149,0,0,0,604,0,0,0,0,0,0,0,1426,0,0,0,0,0,0,0,0,1420,0,0,296,0,0,1368,1313,5209339
206,"CAT",0,0,0,0,0,0,1519,0,0,0,1020,0,0,0,0,0,0,845,0,5003128,0,0,0,0,0,0,575,0,0,0,1298,0,0,0,0,0,0,0,0,0,0,0,0,0,0,0,0,0,0,0,0,3506,0,0,0,0,0,0,0,1346,0,0,0,4090
207,"TCC",0,0,0,1168,0,0,2387,5351,0,0,0,631,0,0,0,1959,0,0,0,158,0,1112,0,520,0,0,0,0,0,0,0,0,0,0,0,0,0,0,0,1897,0,0,1144,7286,0,0,953,3931,0,0,0,873,31880,4935197,5407,3386,0,0,0,198,0,943,0,434
208,"CGA",0,0,1222,1396,0,0,2340,2781,20989,0,1761,0,0,0,1145,1256,4258,0,628,2452,0,0,2006,1344,4847960,0,4046,0,16097,0,3694,9157,0,0,0,175,0,0,0,2750,0,0,0,0,0,0,0,3289,0,0,0,1091,0,0,3582,801,3233,0,0,2538,0,0,0,284
209,"CCG",0,0,0,161,0,0,0,0,0,0,0,0,0,0,0,1254,0,0,0,1317,5409,2761,4885797,0,0,0,0,0,0,0,2886,2634,0,0,0,805,0,0,0,0,0,0,4515,0,0,0,0,0,0,0,0,0,0,0,2221,1856,0,0,164,0,0,0,0,1071
210,"CAG",0,0,0,0,0,0,1354,889,0,0,0,0,0,0,0,0,2036,0,4872066,0,0,0,3202,438,0,0,2613,1164,0,0,0,0,0,0,4783,177,0,0,0,0,0,0,753,0,0,0,0,0,0,0,1379,0,0,0,0,3874,0,0,0,0,0,0,61784,0
211,"CAC",0,0,0,421,0,0,0,275,0,0,1395,1515,0,0,1083,0,0,4923529,5073,11361,0,0,0,171,0,862,0,1600,0,0,0,5525,0,0,788,1537,0,0,0,790,0,0,0,0,0,0,0,1309,0,3080,0,2629,0,0,0,0,0,0,0,4289,0,0,819,1761
212,"GGT",0,0,0,0,0,0,110,199,0,0,0,5275,0,0,349,0,0,0,0,1187,0,0,0,127,0,0,123,0,0,0,0,0,0,0,0,2346,0,0,719,0,0,1053,0,4956400,0,0,0,0,0,0,0,5391,0,0,196,0,0,0,249,0,0,0,0,3616
213,"AGA",0,0,601,777,0,0,794,9250,4928337,0,952,6774,0,0,524,2193,0,0,917,2809,0,0,4500,1853,0,0,0,1424,0,0,0,165,0,0,139,2291,0,0,4314,276,1695,0,0,396,0,0,103,427,0,0,0,1261,0,0,520,4500,0,0,361,0,0,0,1296,191
214,"GAA",43873,0,0,0,0,0,0,0,0,0,0,0,0,0,282,0,0,0,0,0,0,0,0,0,0,0,0,0,0,0,0,0,4986771,0,884,0,0,0,0,0,880,0,0,0,0,0,0,0,0,0,0,0,0,0,0,3063,0,0,0,0,0,0,0,0
215,"CTA",0,0,0,0,0,0,187,303,0,0,0,0,0,0,0,0,0,0,565,799,883,0,0,0,0,0,0,537,5013155,0,2937,0,0,0,319,0,0,0,0,189,0,0,0,0,0,0,0,1349,0,0,0,7816,0,0,521,127,0,0,0,175,665,0,0,0
216,"CCT",0,0,536,1373,0,0,0,0,0,0,0,1773,0,0,983,253,0,0,0,0,0,989,0,4978266,0,0,1064,0,0,0,363,0,0,0,2635,242,0,0,0,0,0,0,0,127,0,0,0,0,0,0,0,0,0,0,222,0,0,0,1229,340,0,0,649,256
217,"TGC",0,0,0,0,0,0,0,0,0,0,0,0,0,0,0,0,0,0,0,0,0,0,0,0,0,1017,0,0,0,0,0,0,0,0,0,0,0,0,0,0,0,0,0,0,0,0,0,0,0,0,0,0,0,0,0,0,0,4989446,0,4053,0,0,0,0
218,"AGC",0,1117,0,0,0,0,0,0,0,4973881,0,2574,0,0,0,0,0,0,0,0,0,0,0,0,0,0,0,0,0,0,0,0,0,0,0,0,0,0,0,0,0,1980,0,0,0,0,0,0,0,0,0,0,0,0,0,0,0,0,0,0,0,0,0,0
219,"ACG",0,0,0,0,3021,0,4946061,0,0,0,0,0,0,0,1858,0,0,0,0,0,0,0,0,0,0,0,0,0,0,0,0,0,0,0,0,0,0,0,1042,0,0,0,0,370,0,0,0,0,0,0,0,0,0,0,0,0,0,0,0,0,0,0,0,0
220,"TAC",0,0,0,0,0,0,0,0,0,0,0,0,0,0,0,0,0,1140,0,0,0,0,0,0,0,0,0,0,0,0,0,0,0,0,0,0,0,0,0,140,0,0,0,0,0,0,0,0,0,4990886,0,3546,0,0,0,0,0,1231,0,0,0,0,0,0
221,"GCG",0,0,2671,0,0,0,3789,0,0,0,0,0,0,0,0,6630,0,0,1914,0,0,0,0,0,0,0,0,3314,0,0,115,0,0,0,0,0,3786,0,4914219,0,0,0,2887,642,0,0,1520,0,0,0,0,0,0,0,0,0,0,0,0,424,0,0,0,0
222,"CAG",0,0,0,0,0,0,999,0,0,0,313,0,0,0,4802,1374,1227,0,4918504,0,0,0,4461,0,0,137,2404,0,0,0,0,0,0,0,0,0,0,0,697,0,0,0,0,0,0,0,0,0,0,0,1680,1617,0,0,0,0,0,0,112,0,0,0,2063,1146
223,"AGC",0,1215,0,0,0,0,0,336,9933,4971624,0,5308,0,0,210,0,0,0,0,0,0,0,0,0,0,0,0,0,0,0,0,0,0,0,0,0,0,0,0,0,0,1550,1325,873,0,0,2708,0,0,0,0,0,0,0,0,0,0,0,2215,0,0,0,0,0
224,"ACC",0,0,5497,1192,0,4938961,2429,3353,0,0,0,575,0,1735,0,0,0,0,0,738,0,0,0,0,0,0,333,1111,0,0,0,0,0,0,0,0,0,1086,0,560,0,0,0,0,0,0,0,0,0,0,0,125,0,0,0,0,0,0,0,0,0,0,1335,3448
225,"GCT",0,0,0,0,0,0,0,9594,0,0,47669,0,0,0,0,1351,0,0,0,2328,0,0,0,0,0,0,3930,0,0,0,110,2141,0,0,163,0,0,2173,0,4910919,0,0,3385,0,0,0,0,611,0,0,0,1108,0,0,0,0,0,0,0,0,0,0,0,1299
226,"GCA",0,0,0,0,6233,0,345,0,0,0,634,2591,0,0,0,1280,0,0,0,0,0,0,0,685,0,0,0,0,0,0,0,0,0,0,1738,0,4994192,0,5375,0,0,0,4932,0,4711,0,0,0,0,0,0,933,0,0,815,2463,0,0,289,216,0,0,0,183
227,"ACT",0,0,0,0,0,1252,0,4994447,0,0,0,0,0,0,0,1351,0,0,969,2428,0,0,0,0,0,0,733,0,0,0,0,0,0,0,0,873,0,0,0,2296,0,0,0,0,0,0,0,0,0,0,0,0,0,0,0,0,0,0,0,0,0,0,0,5123
228,"GCC",0,0,0,0,0,6013,0,0,0,0,0,0,0,0,0,0,0,0,0,0,0,0,0,0,0,0,1941,0,0,0,0,0,0,0,814,111,0,4931366,0,3589,0,0,0,2918,0,0,0,0,0,0,0,917,0,12004,0,0,0,0,0,0,0,0,426,0
229,"GAG",0,0,2205,0,0,0,0,0,0,0,0,0,0,0,0,0,0,0,0,0,0,0,418,0,0,0,0,0,0,0,0,0,998,0,4950831,0,0,0,0,0,0,0,1239,0,0,0,0,0,0,0,0,0,0,0,0,0,0,0,0,0,0,0,0,0
230,"GAG",0,0,0,0,0,0,0,0,0,0,0,0,0,0,0,0,0,0,0,0,0,0,0,0,0,0,0,0,0,0,0,0,818,0,4939533,0,0,0,0,0,0,0,1453,131,0,0,0,0,0,0,0,0,0,0,0,0,0,0,0,0,0,0,0,0
231,"ATA",0,0,0,0,673,0,674,0,0,0,0,0,4954453,0,2143,0,0,0,503,0,0,0,0,0,0,0,0,0,0,0,0,507,0,0,0,0,0,0,0,0,0,0,0,0,0,0,0,0,0,0,0,0,0,0,0,0,0,0,0,0,0,0,351,0
232,"GAG",0,0,761,0,0,0,0,0,0,0,0,123,0,0,1755,3233,0,129,0,2127,0,0,105,0,0,0,0,243,0,0,0,0,1026,0,4949708,0,0,0,0,0,0,0,2478,0,0,0,0,0,0,0,0,0,0,0,0,2814,0,0,0,138,0,0,0,0
233,"GTA",0,0,0,0,0,0,0,0,0,0,0,0,0,0,0,0,0,0,0,0,0,0,0,0,0,0,0,0,0,0,0,0,0,0,0,0,1112,0,0,0,0,0,0,0,4976132,0,2578,0,0,0,0,0,0,0,409,0,0,0,0,150,0,0,0,0
234,"CAT",0,0,169,0,0,0,548,2427,0,0,0,547,0,0,0,0,0,1109,0,5022550,0,363,0,0,0,0,535,1881,0,0,0,0,0,0,0,0,0,0,156,577,0,0,167,0,0,0,260,0,0,0,0,2063,0,171,1391,0,0,0,0,0,0,0,246,204
235,"ATG",0,0,0,0,0,0,3630,0,0,0,0,0,2174,0,4992666,0,0,0,973,0,0,0,140,0,0,0,916,913,0,0,0,665,0,0,1867,0,0,0,1019,259,0,0,2421,308,0,0,1635,0,0,0,0,0,0,0,409,219,0,0,0,0,0,0,0,570
236,"CCC",0,0,0,0,0,0,0,202,0,0,0,0,0,0,0,0,0,0,0,0,22130,4963526,0,5235,0,0,0,0,0,1352,0,0,0,0,0,0,0,0,0,0,0,0,0,0,0,0,0,0,0,0,0,0,0,2126,0,0,0,0,0,0,0,0,0,469
237,"CCA",0,0,0,0,0,0,0,0,0,0,0,0,0,0,0,0,0,110,138,0,4972808,0,2892,0,0,0,0,0,1504,0,0,0,0,0,178,0,0,0,0,0,0,0,0,0,0,0,0,0,0,0,0,0,1209,0,0,0,0,0,0,0,0,0,0,146
238,"GAC",0,921,0,288,0,0,459,117,0,0,0,0,0,0,0,0,0,0,734,224,0,0,1856,1335,0,0,0,0,0,0,0,124,0,5063857,0,1985,0,0,0,0,0,1645,107,366,0,0,1113,215,0,0,0,173,0,0,943,0,0,0,0,1072,0,0,983,2520
239,"ACC",0,0,0,402,0,5051525,0,4100,0,0,0,665,0,990,0,216,0,0,191,667,0,0,0,0,0,0,0,1813,0,0,1459,211,0,0,517,112,0,698,1839,182,0,0,0,843,0,0,1015,505,0,0,0,2170,0,0,0,6222,0,0,0,500,0,0,1186,322
240,"CCA",0,0,0,0,0,0,0,0,0,0,0,0,0,0,0,0,0,0,0,0,5005850,0,2694,0,0,0,0,0,1673,0,0,0,0,0,0,0,3341,0,0,0,0,0,0,0,0,0,264,0,0,0,0,0,1344,0,0,0,0,0,0,0,0,0,0,0
241,"GAT",0,0,0,0,0,0,158,0,0,0,0,0,0,0,586,0,0,0,0,0,0,0,0,216,0,0,132,0,0,0,0,0,0,809,0,5098430,0,0,673,0,0,0,655,608,0,0,360,0,0,0,0,0,0,0,0,1099,0,0,1567,458,0,0,0,0
242,"CGC",0,0,0,519,0,0,348,1469,0,0,0,0,0,0,0,273,0,8129,2280,4194,0,0,3574,1024,0,5129355,0,2235,0,0,0,0,0,0,0,0,0,0,0,637,0,0,0,215,0,0,0,0,0,0,0,0,0,0,0,0,0,5777,0,0,0,0,0,239
243,"ACA",0,0,135,0,5216482,0,1721,0,0,0,2777,0,0,0,0,4157,0,0,0,387,0,0,159,0,0,0,252,317,0,0,2859,440,0,0,667,2320,1057,0,1038,1444,0,0,1754,1035,0,0,1469,1198,0,0,0,0,0,0,3849,0,0,0,689,758,0,0,1326,0
244,"TTG",0,0,0,0,0,0,0,0,0,0,0,0,0,0,0,3267,0,0,466,0,0,0,0,124,0,0,0,643,0,0,2122,0,0,0,0,0,0,0,302,967,0,0,0,0,0,0,0,202,0,0,0,0,0,0,1336,114,0,0,0,1196,1393,0,5261438,0
245,"ATG",0,0,0,0,0,0,1360,0,0,0,0,234,1595,0,5303757,0,0,0,0,0,0,0,0,0,0,0,0,0,0,0,0,3384,0,0,0,0,0,0,0,605,0,0,407,0,0,0,4295,2026,0,0,0,478,0,0,180,128,0,0,1435,0,0,0,0,5125
246,"TCA",0,0,1022,412,0,0,782,0,0,0,169,930,0,0,433,109,0,0,0,0,1396,0,0,0,0,0,0,0,0,0,395,205,0,0,0,3058,0,0,0,346,0,0,994,235,0,0,2423,817,0,0,0,1136,5327560,0,4662,0,0,0,0,1104,1699,0,210,0
247,"CAA",0,0,0,2053,0,0,1172,0,0,0,0,1040,0,0,0,5039,5348379,0,1368,0,0,0,0,894,2041,0,730,0,0,0,888,1986,0,0,608,0,0,0,0,0,0,0,1347,248,0,0,0,1576,1648,0,0,420,0,0,0,0,0,0,0,200,0,0,1261,0
248,"CAG",0,0,0,0,0,0,975,0,0,0,0,3922,0,0,0,0,1344,0,5330219,0,0,0,0,1199,0,0,1080,0,0,0,0,1391,0,0,0,1045,0,0,219,0,0,0,1627,967,0,0,0,0,0,0,2052,1977,0,0,4742,344,0,0,0,0,0,0,0,0
249,"TCC",0,0,919,0,0,0,439,2344,0,0,0,0,0,130,0,0,0,0,0,232,0,1336,0,3301,0,0,0,0,0,0,584,2039,0,0,0,1532,0,0,141,0,0,0,0,107,0,0,361,0,0,0,0,6831,0,5280080,2434,7125,0,0,0,0,0,0,0,917
250,"GGT",0,0,0,11519,0,0,0,0,0,0,296,5911,0,0,0,349,0,0,0,154,0,0,0,0,0,0,3152,2144,0,0,0,0,0,0,973,5204,0,0,0,0,0,960,0,5313179,0,0,0,0,0,0,0,1108,0,0,3657,0,0,0,0,0,0,0,0,0
251,"AAT",0,8236,0,5376029,0,0,522,0,0,0,0,4696,0,0,497,0,0,0,0,0,0,0,358,0,0,0,0,319,0,0,0,771,0,0,2043,943,0,0,1315,434,0,0,0,0,0,0,0,572,0,0,0,0,0,0,884,2185,0,0,0,0,0,0,2225,0
252,"GTA",0,0,0,0,0,0,0,1235,0,0,0,0,0,0,0,212,0,0,0,0,0,0,0,0,0,0,0,0,0,0,1888,123,0,0,0,0,1035,0,402,105,0,0,0,0,5436802,0,1467,0,0,0,0,0,0,0,108,0,0,0,0,2204,0,0,0,0
253,"AAG",1159,0,5329680,0,0,0,0,0,0,0,1438,0,0,0,0,0,0,0,0,0,0,0,0,0,0,0,3502,699,0,0,0,849,0,0,1025,1089,0,0,0,0,0,0,0,0,0,0,168,2434,0,0,0,0,0,0,435,0,0,0,0,992,0,0,0,0
254,"ATC",0,0,0,0,0,1018,0,0,0,0,0,0,0,5389927,0,4921,0,0,0,0,0,0,0,0,0,0,0,0,0,0,473,1369,0,0,0,0,0,0,0,0,0,0,0,0,0,750,752,0,0,0,0,276,0,0,0,0,0,0,0,0,0,0,0,283
255,"ACA",0,0,0,954,5359998,0,1985,0,0,0,181,314,5105,0,301,0,0,0,981,1658,0,0,180,0,0,0,1112,0,0,0,799,0,0,0,218,0,1290,0,736,956,0,0,532,1475,0,0,2143,225,0,0,0,0,0,0,0,2015,0,0,746,0,0,0,0,5465
256,"GTC",0,0,0,147,0,0,0,217,0,0,0,0,0,1198,0,464,0,0,0,0,0,0,171,0,0,0,271,0,0,0,455,1148,0,0,0,0,0,1122,2182,1081,0,0,1427,3144,0,5364690,3363,4156,0,0,0,401,0,0,508,222,0,0,210,1416,0,0,664,541
257,"AAT",0,696,0,5378164,0,0,488,0,0,0,3195,1869,0,0,2860,0,0,0,1020,5289,0,0,529,343,0,0,3782,2449,0,0,3291,6811,0,0,631,1251,0,0,689,0,0,0,0,2342,0,0,1598,0,0,0,0,0,0,0,1256,0,210,0,410,177,0,0,2395,0
258,"AGT",0,0,0,1275,0,0,811,1635,0,1288,1180,5369664,0,0,203,0,0,0,0,2068,0,0,0,0,0,0,2106,0,182,0,1568,3494,0,0,0,106,0,0,208,0,0,0,1473,8167,0,0,239,0,0,0,0,1584,0,0,0,3436,0,0,0,0,0,0,268,0
259,"CAG",0,0,15320,1638,0,0,0,0,0,0,5326,265,0,0,0,0,1104,0,5289936,0,0,0,0,1120,0,0,5358,2341,0,0,0,0,0,0,0,353,0,0,446,0,0,0,2354,528,0,0,2279,374,0,0,1712,2024,0,0,0,0,0,0,6413,239,0,0,319,1018
260,"ACG",0,0,0,1371,4281,0,5250279,0,0,0,0,2255,0,0,4823,1340,0,0,720,3552,0,0,0,0,0,0,2475,3342,0,0,1424,488,0,0,0,126,0,0,4051,0,0,0,753,3051,0,0,0,0,0,0,0,805,0,0,0,0,0,0,878,1236,0,0,0,0
261,"GTG",0,0,0,0,0,0,0,1729,0,0,0,0,0,0,0,834,0,0,0,0,0,0,0,0,0,0,0,0,0,0,0,128,0,0,0,0,0,0,1161,403,0,0,0,0,1032,0,5339074,16706,0,0,0,0,0,0,0,0,0,0,0,226,0,0,0,0
262,"CGG",0,0,1185,494,0,0,2001,195,0,0,0,4265,0,0,0,498,0,0,5998,2021,0,0,0,0,2075,0,5246093,0,0,0,0,2108,0,0,4552,0,0,0,3697,0,0,0,0,0,0,0,1010,0,0,0,0,896,0,0,1638,307,0,0,13954,324,0,0,375,0
263,"TAC",0,0,0,0,0,0,0,0,0,0,0,0,0,0,0,2366,0,1810,0,0,0,0,0,0,0,0,0,0,0,0,0,432,0,0,0,0,0,0,0,0,0,0,0,0,0,0,1987,587,0,5352955,0,11601,0,0,0,0,0,888,579,0,0,0,0,4772
264,"AAG",0,0,5317597,0,0,0,0,1511,0,0,4238,2752,0,0,0,0,0,0,8291,1410,0,0,0,0,0,0,0,460,0,0,4032,1008,0,0,3739,1179,0,0,2213,963,0,0,121,0,0,0,1023,0,0,0,0,2071,0,0,3005,1866,0,0,1581,2123,0,0,0,668
265,"TGT",0,0,0,0,0,0,396,722,0,0,0,0,0,0,0,0,0,0,0,0,0,0,0,0,0,0,0,1150,0,0,0,0,0,0,0,0,0,0,0,0,0,0,0,0,0,0,0,0,0,0,0,1389,0,0,0,0,0,1163,0,5386885,0,0,0,0
266,"AAT",0,634,0,5376901,0,0,477,0,0,0,7714,705,0,0,0,0,0,0,0,0,0,0,0,0,0,0,0,0,0,0,0,264,0,0,2862,1471,0,0,0,0,0,0,204,323,0,0,0,0,0,0,0,0,0,0,1801,503,0,0,0,0,0,0,901,0
267,"TGC",0,0,105,0,0,0,0,0,0,0,0,0,0,0,0,0,0,0,0,0,0,0,0,0,0,915,0,0,0,0,0,0,0,0,0,0,0,0,0,0,0,0,0,249,0,0,0,0,0,0,0,0,0,0,0,0,0,5360809,0,5770,0,0,0,0
268,"GGT",0,0,0,0,0,0,0,0,0,0,0,4002,0,0,306,0,0,0,0,0,0,0,0,0,0,0,0,0,0,0,0,0,0,0,0,0,0,0,744,0,0,925,0,5360873,0,0,0,0,0,0,0,0,0,0,0,0,0,0,0,0,0,0,0,0
269,"GAC",0,1322,0,860,0,0,538,0,0,0,213,0,0,0,0,1555,0,0,0,0,0,0,0,0,0,0,0,0,0,114,822,680,0,5407970,0,646,0,0,0,1133,0,680,1772,2481,0,0,797,0,0,0,0,0,0,0,0,0,0,0,0,0,0,0,0,683
270,"TCA",0,0,0,0,0,0,0,1177,0,0,1699,448,0,0,168,182,0,0,1554,390,1792,0,0,574,0,0,0,0,0,0,0,0,0,0,0,1492,0,0,0,0,0,0,1748,438,0,0,182,200,0,0,0,1555,5468998,0,5757,0,0,0,997,0,2084,0,1508,0
271,"AAT",0,0,0,5460977,0,0,360,0,0,0,121,828,0,0,0,0,0,0,0,0,0,0,0,591,0,0,773,2243,0,0,0,0,0,0,0,866,0,0,0,1594,0,0,474,0,0,0,0,0,0,0,0,0,0,0,768,0,0,0,811,0,0,0,2449,0
272,"GAA",0,0,0,908,0,0,0,652,0,0,0,463,0,0,0,3047,0,0,1362,262,0,0,0,0,0,0,3655,0,0,0,1182,1634,5400843,0,2788,0,0,0,0,6592,1510,0,555,1359,0,0,798,0,0,0,0,0,0,0,179,512,0,0,655,0,0,0,320,2398
273,"GGA",0,0,0,831,0,0,2694,0,1103,0,0,0,0,0,0,0,0,0,0,2194,0,0,344,0,0,0,0,0,0,0,0,739,0,0,2400,0,0,0,0,0,5361491,0,1069,0,0,0,0,0,0,0,0,0,0,0,2829,501,0,0,373,0,0,0,152,2857
274,"CTA",0,0,2836,1168,0,0,4354,783,0,0,0,491,0,0,4313,0,0,0,369,110,0,0,0,0,0,0,0,237,5381045,0,1359,0,0,0,1768,127,0,0,0,679,0,0,770,1372,0,0,281,3677,0,0,0,6240,0,0,2096,0,0,0,404,623,1687,0,1809,1393
275,"ACC",0,0,0,0,0,5353847,0,1475,0,0,0,0,0,1393,0,0,0,0,0,0,0,0,0,0,0,0,486,0,0,0,0,2212,0,0,0,0,0,924,0,0,0,0,0,0,0,0,0,0,0,0,0,0,0,0,0,0,0,0,0,0,0,0,0,0
276,"ACT",0,0,0,0,0,1044,0,5338037,0,0,0,0,0,0,0,603,0,0,1001,0,0,0,0,0,0,0,0,1586,0,0,385,0,0,0,0,0,0,0,0,870,0,0,726,131,0,0,0,0,0,0,0,0,0,0,0,0,0,0,0,0,0,0,0,878
277,"ACA",0,0,203,0,5288361,0,1303,0,0,0,502,343,2087,0,1526,402,0,0,152,1048,0,0,0,0,0,0,0,0,0,0,0,135,0,0,1468,1337,1096,0,195,514,0,0,203,341,0,0,2131,310,0,0,0,0,0,0,0,0,0,0,131,0,0,0,549,840
278,"GAC",0,0,0,0,0,0,0,0,0,0,0,0,0,0,194,0,0,0,1544,112,0,0,0,874,0,0,0,0,0,0,0,222,0,5300446,0,1677,0,0,0,3019,0,661,0,0,0,0,872,0,0,0,0,0,0,0,0,962,0,0,0,0,0,0,806,1328
279,"AAA",5314951,0,2223,0,0,0,0,1187,777,0,145,0,0,0,0,0,0,0,0,344,0,0,0,0,0,0,0,0,0,0,319,0,929,0,168,0,0,0,259,0,0,0,0,0,1037,0,0,0,0,0,0,0,0,0,0,2223,0,0,0,0,0,0,0,0
280,"GTG",0,0,0,446,0,0,0,361,0,0,0,182,0,0,0,5963,0,0,0,0,0,0,0,0,0,0,0,0,0,0,0,0,0,0,0,0,0,0,1135,0,0,0,0,0,1726,0,5263188,0,0,0,0,0,0,0,1356,0,0,0,0,0,0,0,0,0
281,"ATT",0,0,0,0,0,0,0,652,0,0,0,0,0,989,0,5319098,0,0,0,0,0,0,0,0,0,0,0,0,0,0,0,0,0,0,0,0,0,0,0,0,0,0,0,0,0,0,816,4127,0,0,0,181,0,0,0,0,0,0,103,0,0,0,0,0
282,"AAT",0,626,0,5301246,0,0,263,0,0,0,0,4912,0,0,811,0,0,0,0,0,0,0,314,2630,0,0,0,1141,0,0,0,0,0,0,666,800,0,0,0,0,0,0,288,123,0,0,2386,6566,0,0,0,0,0,0,0,1897,0,0,853,142,0,0,1418,0
283,"AAC",0,5243051,2095,3119,0,0,1675,2457,0,617,0,818,0,0,424,289,0,0,0,235,0,0,172,0,0,0,0,568,0,0,0,310,0,945,0,0,0,0,0,2774,0,0,130,931,0,0,812,529,0,0,0,5191,0,0,1192,1702,0,248,1291,0,0,0,0,1475
284,"TGC",0,0,0,0,0,0,0,0,0,0,0,0,0,0,0,0,0,0,0,0,0,0,0,0,0,1666,0,0,0,0,0,0,0,0,0,0,0,0,0,0,0,0,0,0,0,0,245,0,0,4119,0,0,0,0,0,0,0,5212247,0,1804,0,0,0,0
285,"AAG",0,0,5167328,0,0,0,0,0,0,0,1625,150,0,0,0,0,0,0,0,0,0,0,0,0,0,0,184,0,0,0,0,1316,0,0,4330,0,0,0,0,185,0,0,719,0,0,0,0,257,0,0,0,0,0,0,1234,0,0,0,0,161,0,0,0,773
286,"GTT",0,0,369,0,0,0,1840,2744,0,0,209,178,0,0,162,0,0,0,0,922,0,0,7666,4773,0,0,0,164,0,0,0,4861,0,0,297,0,0,0,1563,6651,0,0,0,0,0,1048,1641,5163596,0,0,0,2983,0,0,0,2154,0,0,0,864,0,0,722,0
287,"GAT",0,0,347,4149,0,125,0,0,0,0,0,550,0,0,0,2328,0,0,2543,0,0,0,116,510,0,0,0,3158,0,0,453,0,0,1000,0,5215513,0,0,349,2983,0,0,0,2274,0,0,0,0,0,0,0,0,0,0,527,875,0,0,0,0,0,0,1410,2701
288,"CAA",0,0,153,613,0,0,2080,750,0,0,135,232,0,0,297,210,5217298,0,3380,0,0,0,0,0,1289,0,0,2319,0,605,519,5829,0,0,1139,1188,0,0,0,0,0,0,0,700,0,0,0,0,2081,0,0,240,0,0,415,299,0,0,1988,955,0,0,1226,0
289,"TGC",0,0,0,0,0,0,0,0,0,0,0,0,0,0,0,0,0,0,0,0,0,0,0,0,0,775,0,0,0,0,0,0,0,0,0,0,104,0,0,0,0,0,0,0,0,0,0,0,0,3020,0,0,0,0,0,0,0,5233172,0,6591,0,0,0,0
290,"CAT",0,0,0,0,0,0,0,877,0,0,440,309,0,0,0,921,0,2040,0,5220285,0,0,0,0,0,0,0,1814,0,0,1241,0,0,0,0,0,0,0,0,0,0,0,0,589,0,0,0,0,0,0,0,2308,0,0,0,152,0,0,0,0,0,0,0,336
291,"GCC",0,0,0,196,0,2801,0,0,0,0,0,0,0,0,0,0,0,0,0,0,0,0,0,0,0,0,0,0,0,0,0,190,0,0,0,0,0,5145508,12064,2818,0,0,0,0,0,3010,0,255,0,0,0,0,0,0,0,103,0,0,0,0,0,0,573,141
292,"GCG",0,0,283,0,0,0,3688,105,0,0,0,0,0,0,0,0,0,0,0,2451,0,0,0,0,0,0,0,234,0,0,131,0,0,0,0,0,4639,0,5082246,0,0,0,0,0,0,0,3250,0,0,0,0,0,0,0,0,0,0,0,3953,0,0,0,0,117
293,"GTC",0,0,192,414,0,0,445,0,0,0,0,0,0,2125,829,1006,0,0,0,0,0,0,0,0,0,0,0,865,0,0,0,1570,0,0,0,0,0,4413,0,0,0,0,0,0,0,5194505,0,6302,0,0,0,147,0,0,688,308,0,0,0,228,0,0,0,0
294,"ACC",0,0,859,0,0,5240081,2117,2618,0,0,0,444,0,2953,0,1028,0,0,0,0,0,0,0,0,0,0,114,0,0,0,0,0,0,0,0,0,0,916,0,531,0,0,179,0,0,0,0,0,0,0,0,298,0,0,0,0,0,0,0,0,0,0,1069,0
295,"AAT",0,1158,0,5300877,0,0,0,0,0,0,971,615,0,0,0,0,0,0,0,0,0,0,192,573,0,0,0,0,0,0,0,1931,0,0,0,1922,0,0,0,0,0,0,0,2976,0,0,1708,311,0,0,0,0,0,0,422,0,0,0,282,0,0,0,1825,1032
296,"CAC",0,0,0,1673,2152,0,0,0,0,0,351,1085,0,0,403,0,0,5244751,2458,2691,0,0,1158,1096,0,803,862,389,0,0,1297,856,0,0,843,0,0,0,691,1305,0,253,0,0,0,0,0,0,0,2325,0,400,0,0,0,1355,0,0,0,626,1069,0,321,115
297,"AAA",5272913,0,1896,0,0,0,373,255,1545,0,0,706,0,0,704,2060,0,0,1354,809,0,0,530,0,0,0,0,1954,0,0,261,1536,1180,0,145,418,0,0,2949,722,0,0,549,1803,0,0,2126,404,0,0,0,0,0,0,2747,0,0,0,0,0,0,0,0,1391
298,"AAA",5295063,0,828,0,0,0,319,2665,0,0,0,0,0,0,0,0,0,0,0,1060,0,0,0,0,0,0,827,0,0,0,734,206,701,0,154,0,108,0,0,590,0,0,0,0,0,0,1163,304,0,0,0,0,0,0,0,0,0,0,0,0,0,0,0,786
299,"TGG",0,0,0,216,0,0,0,0,0,0,0,0,0,0,0,0,0,0,0,0,0,0,0,0,0,0,641,0,0,0,0,0,0,0,184,0,0,0,0,0,0,130,0,0,0,0,0,0,0,0,0,0,0,0,0,0,0,0,5259406,0,0,0,0,0
300,"CAG",0,0,0,0,0,0,4530,238,0,0,0,0,0,0,0,0,1441,0,5283527,0,0,0,0,0,0,0,1470,0,0,0,0,0,0,0,0,0,0,0,1206,451,0,0,179,0,0,0,0,0,0,0,3333,0,0,0,135,0,0,0,0,0,0,0,0,166
301,"TAT",0,0,0,0,0,0,0,0,0,0,0,0,0,0,0,0,0,0,0,1135,0,0,0,193,0,0,0,0,0,0,0,241,0,0,0,0,0,0,645,0,0,0,0,0,0,0,0,0,0,769,0,5287571,0,0,0,0,0,0,484,678,0,0,0,0
302,"AAT",0,921,0,5212733,0,0,0,0,0,0,0,5009,0,0,1079,0,0,0,0,0,0,0,0,0,0,0,386,0,0,0,0,0,0,0,0,721,0,0,0,0,0,0,0,344,0,0,0,1480,0,0,0,0,0,0,0,923,0,0,0,135,0,0,0,0
303,"TCC",0,0,0,0,0,0,0,0,0,0,0,0,0,0,0,0,0,0,0,0,4759,1438,0,0,0,0,0,0,0,0,0,0,0,0,0,0,0,0,0,0,0,0,0,0,0,0,0,0,0,0,0,0,0,5213956,0,1215,0,0,0,0,0,0,0,0
304,"CCT",0,0,0,2324,0,5082,0,0,0,0,0,0,0,0,0,0,0,0,1604,0,0,1572,0,5174328,0,0,982,0,0,0,0,792,0,0,0,203,0,0,506,0,0,0,0,0,0,0,0,170,0,0,0,0,0,0,0,0,0,0,0,599,0,0,0,160
305,"CTG",0,0,0,368,0,0,1819,0,0,0,200,176,0,0,0,0,0,0,0,0,0,0,2219,0,0,0,0,0,0,0,5141978,0,0,0,0,0,0,0,552,0,0,0,236,0,0,0,0,2667,0,0,0,1711,0,0,0,0,0,0,1240,0,0,0,1322,1769
306,"GTC",0,0,0,0,0,0,1248,156,0,0,0,0,0,0,1998,0,0,0,1192,0,0,0,0,0,0,0,0,0,0,0,0,441,0,0,0,0,0,1378,1012,0,0,10284,144,0,0,5247476,2524,5744,0,0,0,0,0,0,2085,0,978,0,0,0,0,0,0,229
307,"CCG",0,0,0,0,0,0,0,0,0,0,0,0,0,0,553,0,0,0,21770,0,8706,0,5188457,0,0,0,0,0,0,0,3468,467,0,0,0,0,0,0,0,357,0,0,0,0,0,0,326,0,0,0,0,0,0,0,1721,0,0,0,0,2000,0,0,0,0
308,"CGT",0,0,0,0,0,0,0,0,0,0,0,0,0,0,0,0,0,0,660,2591,0,0,0,0,0,1058,0,5259987,0,0,0,0,0,0,0,0,0,0,111,0,0,0,114,0,0,0,0,0,0,0,0,0,0,0,0,577,0,0,0,1773,0,0,0,0
309,"AAT",0,652,0,5296527,0,0,721,0,0,0,2728,651,0,0,412,0,0,0,503,0,0,0,0,423,0,0,0,267,0,0,1668,589,0,0,332,1029,0,0,0,0,0,0,0,966,0,0,0,0,0,0,0,0,307,0,0,0,0,0,866,0,0,0,0,0
310,"GCT",0,0,210,1016,0,0,1919,1912,0,0,0,0,0,0,122,0,0,0,0,0,0,0,0,0,0,0,0,3248,0,0,0,0,0,0,156,0,0,3324,0,5295253,0,0,116,0,0,0,0,2783,0,0,0,0,0,0,0,0,0,0,0,0,0,0,692,0
311,"GAA",2457,0,249,0,0,102,0,0,0,0,0,0,0,0,0,0,0,0,2985,606,0,0,147,124,0,0,0,0,0,0,242,0,5266762,0,1169,0,0,0,123,0,822,0,312,171,0,0,1537,0,0,0,0,0,0,0,0,375,0,0,0,1357,558,0,504,945
312,"CTC",0,0,0,212,0,0,1153,0,208,0,0,1298,0,0,0,3929,0,0,3249,0,0,880,0,3608,0,0,314,0,0,5224425,0,4188,0,0,0,0,0,0,0,0,0,0,0,513,0,0,0,0,0,0,0,0,0,0,0,0,0,0,0,1085,0,807,0,0
313,"GGG",0,0,0,0,0,0,0,0,0,0,2521,0,0,0,639,0,0,0,0,0,0,0,0,0,0,0,4511,0,0,0,0,325,0,0,0,333,0,0,0,0,3628,0,5132196,0,0,0,0,0,0,0,0,0,0,0,0,0,0,0,0,0,0,0,0,1230
314,"GAC",0,4948,0,0,0,169,0,0,0,0,6077,0,0,0,5927,0,0,0,0,0,0,0,219,0,0,0,0,0,0,0,0,0,0,5170745,0,2387,0,0,0,0,0,1839,1566,0,0,0,641,0,0,0,0,0,0,0,0,0,0,0,0,0,0,0,0,0
315,"CGA",0,0,0,710,0,0,0,0,0,0,0,0,0,0,0,0,4654,0,287,595,0,0,0,0,5176789,0,1397,0,0,0,0,0,257,0,0,0,0,0,0,0,0,0,301,310,0,0,0,0,0,0,0,0,0,0,0,0,3097,0,0,0,0,0,0,187
316,"AAA",5188792,0,3650,0,0,0,0,0,0,0,201,233,0,0,0,0,0,0,0,0,0,0,0,355,0,0,0,0,0,0,0,0,0,0,0,0,0,0,0,0,0,0,0,0,0,0,0,0,0,0,0,0,0,0,287,183,0,0,0,0,0,0,185,0
317,"GGA",0,0,0,0,0,0,0,0,0,0,335,0,0,0,0,0,0,0,0,0,0,0,0,0,0,0,0,0,0,0,0,0,8317,0,0,0,0,0,0,0,5170977,0,2071,0,0,0,0,0,0,0,0,0,0,0,0,0,0,206,0,0,0,0,0,0
318,"AAA",5206219,0,2855,0,0,0,0,0,0,0,243,0,0,0,251,0,0,0,0,0,0,0,0,0,0,0,0,0,0,0,0,0,1181,0,0,0,0,0,0,0,0,0,0,0,0,0,0,0,0,0,0,0,0,0,0,0,0,0,0,0,0,0,0,0
319,"GTT",0,0,0,0,0,0,0,0,0,0,0,0,0,0,0,1851,0,0,0,321,0,0,0,0,0,0,0,0,0,0,0,0,0,0,0,0,0,0,0,976,0,0,0,0,0,1105,0,5140297,0,0,0,0,0,0,0,622,217,0,0,0,0,128,0,0
320,"CAC",0,0,0,0,0,0,148,374,0,0,117,0,0,0,291,0,0,5021069,0,1206,0,0,332,0,0,1135,0,0,0,0,0,0,0,0,139,0,0,0,801,0,0,0,0,0,0,0,0,0,0,1037,0,0,0,0,1680,0,0,0,0,0,0,0,0,0
321,"ATT",0,0,0,0,0,0,743,2098,0,0,0,0,0,1402,0,4979229,0,0,0,0,0,0,0,0,0,0,0,0,0,0,115,0,0,0,0,0,0,0,0,0,0,0,0,0,0,0,0,579,0,0,0,0,0,0,0,0,888,0,0,0,0,0,0,0
322,"CCG",0,0,0,0,0,0,0,1868,0,0,0,0,0,0,0,0,0,0,0,0,11366,0,4905046,0,0,0,0,0,0,0,1591,0,0,0,577,0,0,0,0,0,0,0,0,0,0,0,0,0,0,0,0,0,0,0,0,0,0,0,0,0,0,0,0,0
323,"TTT",0,0,0,0,0,0,0,0,0,0,0,0,0,0,0,0,0,0,0,0,0,0,0,0,0,0,0,0,0,0,0,745,0,0,0,0,0,0,0,0,0,0,0,0,0,0,0,0,0,0,0,0,0,0,0,1068,0,0,0,0,0,945,0,4924485
324,"CCT",0,0,0,0,0,0,0,0,0,0,1003,0,0,0,0,0,0,0,338,0,0,960,2781,4846760,0,0,0,0,0,0,0,5051,0,0,0,0,0,0,0,0,0,0,139,0,0,0,0,0,0,0,0,0,0,231,0,3155,0,0,110,407,0,0,0,0
325,"CTG",2131,0,0,0,0,0,0,0,0,0,0,0,0,0,0,0,0,0,0,0,0,0,1433,0,0,0,0,0,2146,0,4832180,0,0,0,0,0,0,0,0,0,0,0,0,0,0,0,0,0,0,0,214,0,0,0,0,0,0,0,0,0,0,0,1826,0
326,"GCA",0,0,1512,0,3288,0,0,783,0,0,1643,0,0,0,0,0,217,0,0,0,0,0,0,0,0,0,2976,0,0,0,117,0,0,0,0,1210,4817932,0,1138,0,1798,0,0,0,1737,0,3198,0,0,0,0,0,0,0,0,0,0,0,814,0,0,0,0,188
327,"AAT",0,891,0,4855630,0,0,0,0,0,0,0,0,0,0,0,0,0,0,0,0,0,0,0,284,0,0,0,0,0,0,277,439,0,0,0,798,0,0,0,0,0,0,0,1139,0,0,0,0,0,0,0,0,0,0,0,0,0,0,0,0,0,0,903,0
328,"GTG",0,0,0,0,0,0,0,0,0,0,0,1892,0,0,0,0,0,0,0,0,0,0,0,0,0,0,1733,0,0,0,0,0,0,0,0,0,0,0,1542,0,0,0,0,273,1569,0,4818557,0,0,0,0,0,0,0,1388,0,0,0,827,1358,0,0,0,0
329,"ACA",0,0,0,0,4796276,0,847,0,0,0,0,4405,896,0,0,0,0,0,2186,149,0,0,851,381,0,0,123,0,0,0,0,0,0,0,1998,0,1637,0,3127,0,0,0,0,0,0,0,0,0,0,0,0,1073,0,0,0,0,0,0,0,125,0,0,0,768
330,"TGC",0,0,0,0,0,0,0,0,0,0,0,0,0,0,0,0,0,0,0,0,0,0,0,0,0,838,0,0,0,0,0,0,0,0,0,0,0,0,0,0,0,0,0,0,0,0,0,0,0,2404,0,0,0,0,0,0,0,4775132,0,10391,0,0,0,0
331,"AGG",0,0,0,150,0,0,0,0,0,0,4703518,0,0,0,18386,0,0,0,1846,0,0,0,0,0,0,0,0,186,0,0,0,0,0,0,0,481,0,0,961,0,0,0,4536,0,0,0,1288,0,0,0,0,0,0,138,265,0,0,0,0,0,0,0,0,0
332,"GTG",0,0,0,0,0,0,0,0,0,0,0,0,0,0,1795,0,0,0,0,0,0,0,0,0,0,0,0,0,0,0,0,0,0,0,0,0,0,0,854,0,0,0,0,900,4260,0,4732643,12448,0,0,0,468,0,0,200,0,0,0,0,0,0,0,0,0
333,"CCT",0,0,0,0,0,0,848,0,0,0,0,391,0,0,0,0,0,0,0,0,0,1447,0,4808340,0,0,0,0,0,0,0,0,0,0,0,0,0,0,0,0,0,0,176,0,0,0,0,0,0,0,0,112,0,0,0,1678,0,0,0,0,0,0,0,0
334,"AAG",0,0,4823849,0,0,0,0,0,0,0,877,0,0,0,0,0,0,0,0,0,0,0,212,0,0,0,0,0,0,0,0,0,0,0,736,0,0,0,0,0,0,0,526,0,0,0,0,0,0,0,0,0,0,0,0,0,0,2733,0,0,0,0,0,0
335,"GCA",0,0,0,0,0,0,0,0,0,0,0,0,0,0,0,0,0,136,0,0,0,0,0,0,0,0,0,0,0,0,0,3848,0,0,0,0,4809618,0,7156,0,0,0,0,0,862,0,0,0,0,0,0,0,0,0,14108,0,0,0,0,0,0,0,0,0
336,"AGG",0,0,5455,0,0,0,0,0,0,0,4776975,0,0,0,0,0,0,0,0,0,0,0,0,0,0,0,0,0,0,0,909,0,0,0,0,0,0,0,414,0,0,0,1809,0,0,0,975,0,0,0,0,0,0,0,682,0,0,0,0,13864,0,0,16521,264
337,"AAC",0,4750374,0,2865,0,0,0,0,0,1052,0,0,0,0,0,0,0,11383,0,0,0,0,0,184,0,0,0,0,0,0,0,0,0,1129,0,0,0,0,0,0,0,0,0,0,0,0,4903,0,0,0,0,0,0,0,0,0,0,16649,0,0,0,0,19898,0
338,"CCC",0,0,0,0,0,0,0,0,0,0,0,0,0,0,0,0,0,0,0,0,19249,4687546,0,2392,0,1969,0,0,0,0,0,0,0,0,0,0,0,0,0,0,0,0,0,0,0,0,0,0,0,0,0,0,0,1895,0,0,0,0,0,0,0,0,0,0
339,"ACC",0,0,0,0,0,4618944,0,4280,0,0,0,0,0,0,0,0,0,26454,102,0,0,0,0,0,0,0,0,0,0,0,0,0,0,0,0,0,0,1392,997,0,0,0,0,102,0,0,0,0,0,0,0,0,0,0,0,0,0,0,0,0,0,0,0,7385
340,"GTG",0,0,0,0,0,0,0,0,0,0,0,0,0,0,2824,207,0,0,1761,0,0,0,0,236,0,0,0,165,0,0,0,0,0,0,0,0,0,0,770,0,0,0,0,0,1182,0,4629035,0,0,0,0,134,0,0,143,0,113,0,0,387,0,0,0,0
341,"ACG",0,0,0,0,2180,0,4623842,0,0,0,0,313,0,0,2206,151,0,0,0,425,0,0,0,0,0,0,683,709,0,0,354,0,0,0,3919,2343,0,0,3878,0,0,0,386,237,0,0,0,122,0,0,0,0,0,0,0,0,0,0,0,0,0,0,392,0
342,"TAC",0,0,0,326,0,0,3013,0,0,0,0,0,0,101,0,114,0,709,0,0,0,0,0,0,0,0,331,0,0,0,0,281,0,0,0,239,0,0,0,0,0,0,0,0,0,0,0,386,0,4742365,0,5197,0,0,0,0,0,1190,0,560,0,0,0,0
343,"GGA",28422,0,0,2369,0,0,912,820,1879,0,0,0,0,0,0,0,0,0,139,766,0,0,259,0,0,0,200,0,0,0,0,246,332614,0,0,0,0,0,820,0,4394078,0,2731,0,0,0,152,561,0,0,0,7174,0,0,299,0,0,0,0,0,0,0,134,119
344,"AAA",4778153,0,0,0,0,0,448,2156,0,0,0,134,0,0,0,839,0,0,0,0,0,0,7469,4802,0,0,0,0,0,0,1670,137,1072,0,0,1333,102,0,826,690,0,0,382,0,0,0,0,6085,0,0,0,0,0,0,0,539,0,0,2707,131,0,0,3757,246
345,"AAC",34508,4851691,0,0,0,0,0,0,0,0,141,0,0,0,0,339,0,0,328,308,0,0,0,0,0,0,0,0,0,0,0,0,0,0,0,0,0,0,0,256,0,0,345,1174,0,0,0,0,0,0,0,3168,0,0,0,893,0,0,0,289,0,0,0,0
346,"CAA",0,0,209,678,0,392,837,3650,0,0,838,0,0,0,0,1139,4800957,0,3379,0,7555,0,0,0,984,0,0,1107,0,0,1317,3856,0,0,120,0,0,0,0,362,0,0,997,2028,0,0,0,0,0,0,0,260,0,0,0,0,0,0,0,320,0,0,365,781
347,"GTC",0,0,0,0,0,0,0,0,0,0,0,0,0,0,0,0,0,0,0,0,0,0,0,0,0,0,0,0,0,0,0,357,0,0,0,0,0,830,0,0,0,0,0,0,0,4749114,0,6717,0,0,0,0,0,0,0,0,0,0,0,0,0,0,223,0
348,"ATC",0,0,0,0,0,1534,0,0,0,0,0,0,0,4876018,0,0,0,0,283,0,0,0,0,0,0,0,0,0,0,0,0,0,0,0,0,0,0,0,0,0,0,0,0,0,0,704,2086,392,0,0,0,0,0,0,0,0,0,0,0,0,0,0,0,0
349,"ATG",0,0,0,0,0,196,1168,0,0,0,0,0,3421,0,7117746,0,0,0,0,0,0,0,0,0,0,0,0,0,0,0,0,1574,0,0,0,102,0,0,0,0,0,0,0,0,0,0,1313,0,0,0,0,0,0,0,0,0,0,109,387,216,0,0,0,0
350,"CTG",0,0,0,5562,0,0,1779,1116,0,0,1149,3017,0,0,0,0,0,0,0,6433,0,0,1465,0,0,0,0,577,2567,0,7234810,0,0,0,0,0,0,0,0,0,0,0,1389,0,0,0,0,0,0,0,0,620,0,0,577,0,0,0,0,0,0,0,2128,1117
351,"CTG",0,0,0,0,0,0,580,0,0,0,0,0,0,0,0,0,0,0,0,0,0,0,2614,0,0,0,0,0,3546,0,7305386,0,0,0,0,0,0,0,0,0,0,0,0,0,0,0,0,3667,573,0,0,0,0,639,0,0,0,0,0,0,0,0,3461,0
352,"TAT",0,660,0,0,0,0,0,1071,0,0,0,111,0,0,1080,977,0,0,0,6074,0,0,0,109,0,0,0,268,0,0,0,187,0,0,0,0,0,0,0,0,0,0,0,0,0,0,0,0,0,1513,0,7386176,0,0,0,0,0,0,0,2317,0,0,2439,0
353,"CCT",0,0,0,0,0,0,0,0,0,0,0,920,0,0,0,0,0,0,0,0,0,4687,8947,7394301,0,0,0,0,0,0,0,1578,0,0,0,2989,0,0,0,0,0,0,0,299,0,0,349,2093,0,0,0,0,0,0,0,0,0,0,0,0,0,0,176,0
354,"GAC",0,2328,0,0,0,0,0,216,0,0,2189,144,0,0,0,0,0,0,0,0,0,0,0,0,0,0,440,10528,0,0,684,0,0,7432756,4074,1917,0,0,2475,949,0,1978,6526,114,0,0,0,0,0,0,0,0,0,0,3049,0,0,0,0,0,0,0,858,141
355,"CAC",0,0,0,0,0,0,0,0,0,0,0,0,0,0,0,0,0,7517331,3016,1648,0,0,0,0,0,1028,0,0,0,0,0,0,0,0,0,0,0,0,0,0,0,1599,0,689,0,0,2274,0,0,7451,0,0,0,0,1628,0,0,0,0,1558,0,0,0,0
356,"CCA",0,0,0,0,0,0,0,0,0,0,0,1309,0,0,0,0,0,0,0,0,7491132,0,2501,0,0,0,0,784,0,0,0,0,0,0,0,0,0,0,0,0,0,0,617,0,0,0,0,0,0,0,0,0,0,0,0,0,0,0,0,0,0,0,0,0
357,"ACG",0,0,0,0,4326,0,7430477,0,0,110,0,0,0,0,3584,0,0,0,0,0,0,0,0,0,0,0,0,0,0,0,278,0,0,0,0,0,0,0,1011,0,0,0,0,0,0,0,0,1311,0,0,0,0,0,0,0,0,0,0,0,0,0,0,0,0
358,"CTC",0,0,133,0,0,0,0,0,0,0,0,0,0,0,2486,0,0,0,294,0,0,2340,0,0,0,0,0,529,0,7551400,0,0,0,0,0,0,0,0,0,697,0,0,0,0,0,0,0,0,0,0,0,384,138,0,327,0,0,0,0,226,0,0,0,0
359,"CTG",0,0,0,0,0,0,0,0,0,0,0,0,0,0,0,0,0,0,0,0,0,0,3172,0,0,0,0,0,1937,0,7543450,0,0,0,0,0,0,0,0,0,0,0,0,0,0,0,0,356,0,0,0,0,0,0,0,0,0,0,0,124,0,0,5277,0
360,"TCC",0,0,0,698,0,0,111,0,0,0,0,281,0,0,399,371,0,0,0,0,0,2159,0,0,0,0,0,0,0,0,0,128,0,0,0,0,0,0,0,4835,0,0,0,175,0,0,0,0,0,0,0,0,0,7547833,4219,3008,0,0,0,0,0,0,669,0
361,"TAC",0,0,0,0,0,0,355,600,0,0,0,0,0,0,0,1554,0,2166,0,0,0,0,428,0,0,0,0,0,0,0,0,351,0,0,0,0,0,0,0,195,0,0,0,0,0,0,3315,190,0,7526239,0,0,0,0,0,676,0,0,0,194,0,0,0,1237
362,"CGG",0,0,4572,0,0,0,0,0,0,0,0,0,0,0,0,0,0,0,4510,0,0,0,0,0,7751,0,7450435,0,0,0,0,0,0,0,0,0,0,0,0,0,0,0,0,0,0,0,0,0,0,0,0,0,0,0,0,0,0,0,6967,0,0,0,0,0
363,"AAT",0,1198,0,7537866,0,0,0,0,0,0,0,1030,0,0,0,0,0,0,0,0,0,0,0,0,0,0,0,0,0,0,2878,249,0,0,0,2583,0,0,0,0,0,0,0,0,0,0,0,1570,0,0,0,0,0,0,0,1498,0,0,660,424,0,0,0,0
364,"ATG",0,0,0,0,0,0,1140,0,0,0,0,0,0,0,7449289,0,0,0,580,0,0,0,0,0,0,0,0,0,0,0,0,0,0,0,0,0,0,0,0,0,0,0,0,0,0,0,1740,0,0,0,0,0,0,0,0,0,0,0,0,0,0,0,0,0
365,"GGA",0,0,206,0,0,0,0,0,0,0,0,0,0,0,0,0,0,0,457,0,0,0,0,0,0,0,0,0,0,0,0,0,0,0,0,0,0,0,0,0,7478931,0,3868,0,0,0,0,0,0,0,0,0,0,0,0,0,0,0,0,0,0,0,0,0
366,"GAA",1943,0,0,2280,0,0,0,0,0,0,248,0,0,0,432,0,0,0,0,0,0,0,0,0,0,0,0,0,0,0,0,0,7489037,0,1905,0,0,0,0,0,1613,0,3447,127,0,0,0,0,0,0,0,0,0,0,415,0,0,0,0,454,0,0,344,0
367,"GAA",0,0,297,0,0,0,0,1831,0,0,0,0,0,0,0,0,0,0,0,4664,0,0,0,0,0,0,0,0,0,0,0,0,7482111,0,1569,0,0,0,1151,0,1031,0,2344,0,0,0,0,0,0,0,0,0,0,0,0,320,0,0,0,1826,0,0,0,0
368,"CCA",0,0,0,0,0,0,0,0,0,0,0,2846,0,0,0,643,0,0,0,0,7423616,0,3656,0,0,0,0,0,0,0,0,0,0,0,0,0,0,0,0,0,0,0,0,0,0,0,0,0,0,0,0,0,0,0,0,0,0,0,0,1160,0,0,0,0
369,"AAC",0,7371228,0,0,0,0,0,0,0,1084,129,0,0,0,0,0,0,0,0,0,0,0,0,0,0,0,2772,2096,0,0,306,0,0,1142,0,0,0,0,0,0,0,0,3391,0,0,0,824,0,0,0,0,0,0,0,2225,0,0,0,0,103,0,0,0,0
370,"TAT",0,0,0,0,0,0,0,0,0,0,0,0,0,0,1486,0,0,0,1522,0,0,0,0,433,0,0,0,0,0,0,0,0,0,0,0,0,0,0,869,0,0,0,0,0,0,0,0,0,0,0,0,7330188,0,0,0,0,0,0,0,936,0,0,0,0
371,"CAA",0,0,236,0,0,0,189,0,0,0,1223,0,0,0,0,0,7251999,0,6373,0,0,0,0,0,5021,0,688,494,0,0,0,0,0,0,0,0,0,0,0,0,0,0,897,7343,0,0,507,0,1215,0,0,0,0,0,0,0,0,0,0,4524,0,0,462,212
372,"GAA",0,0,0,0,0,0,0,0,0,0,0,0,0,0,0,0,0,0,958,0,0,0,0,0,0,0,0,0,0,0,208,306,7220561,0,4697,0,0,0,0,0,1201,0,194,0,0,0,0,0,0,0,0,0,0,0,0,0,0,0,1099,0,0,0,255,425
373,"GAG",0,0,0,0,0,0,0,219,0,0,0,0,0,0,0,0,0,0,0,0,0,0,0,0,0,0,598,5041,0,0,0,0,0,0,7204152,0,0,0,0,0,0,0,1811,0,0,0,0,0,0,0,0,0,0,0,0,891,0,0,0,0,0,0,0,457
374,"TGG",0,0,0,0,0,0,0,0,0,0,0,0,0,0,0,0,0,0,0,0,0,0,0,0,0,0,1029,0,0,0,0,0,0,0,0,0,0,0,0,0,0,0,0,0,0,0,0,0,0,0,1962,0,0,0,0,0,0,0,7146771,0,0,0,0,0
375,"GTG",0,0,0,0,0,0,0,0,0,0,0,0,0,0,2043,0,0,0,354,0,0,0,0,0,0,0,0,0,0,0,0,0,0,0,0,0,0,0,1042,0,0,0,0,165,2718,0,7144537,0,0,0,0,0,0,0,0,0,0,0,0,0,0,0,0,0
376,"ACG",0,0,0,0,7567,0,7024917,0,0,0,0,0,0,0,4983,0,0,0,314,273,0,0,0,0,0,0,0,0,0,0,0,489,0,0,0,0,0,0,6223,0,0,0,757,0,0,0,0,0,0,0,0,0,0,0,0,0,0,0,0,453,0,0,0,0
377,"CAT",0,0,0,0,0,0,183,0,0,0,0,0,0,0,2032,0,0,986,0,6991347,0,0,0,0,0,0,0,0,0,0,315,0,0,0,0,0,0,0,0,0,0,0,0,0,0,0,0,1316,0,0,0,2091,0,0,0,0,0,0,0,0,0,0,0,0
378,"AAG",0,0,6923243,0,0,0,0,431,0,0,0,0,0,0,0,0,0,0,0,0,0,0,0,0,0,0,214,555,0,0,2697,0,0,0,1392,0,0,0,0,1180,0,0,767,0,0,0,0,0,0,0,0,0,0,0,530,1284,0,0,0,180,0,0,0,488
379,"AAG",0,0,6864083,0,0,0,0,0,0,0,1650,0,0,0,0,1753,0,0,0,0,0,0,0,0,0,0,0,0,0,0,0,222,0,0,1138,0,0,0,0,0,0,0,0,251,0,0,1048,1194,0,0,0,1587,0,0,0,2651,0,0,384,297,0,0,0,0
380,"GAG",0,0,0,0,0,0,0,0,0,0,0,206,0,0,0,0,0,0,0,585,0,0,0,317,0,0,1588,0,0,0,118,2514,1238,0,6793846,0,0,0,0,0,0,0,1718,0,0,0,0,0,0,0,0,0,0,0,691,0,0,0,0,970,0,0,0,0
381,"ATC",0,0,0,0,0,1200,106,179,0,0,0,0,0,6751069,0,1279,0,0,0,0,0,0,0,0,0,0,0,0,0,0,0,0,0,0,0,0,0,0,0,0,0,0,0,0,0,1482,0,0,0,0,0,0,0,0,0,0,0,0,0,871,0,0,0,1298
382,"AGG",0,0,0,0,0,0,0,0,0,0,6604772,0,0,0,0,5793,0,0,1741,0,0,0,0,0,0,0,0,0,0,0,0,0,0,0,0,8590,0,0,0,0,0,0,3732,0,0,0,0,1419,0,0,0,0,0,0,0,0,0,0,0,0,0,0,0,2103
383,"TTA",0,0,0,0,0,0,0,0,0,0,0,0,0,0,0,640,0,0,0,0,0,0,0,0,0,0,0,0,966,0,1408,0,0,0,0,0,0,0,0,0,0,0,0,0,0,0,0,0,0,0,0,0,895,0,0,0,0,0,0,432,6506967,0,1478,0
384,"ACC",0,0,0,1074,0,6326065,0,1731,0,0,0,676,0,2335,308,0,0,0,247,0,0,0,0,954,0,0,0,0,0,0,4749,2067,0,0,1772,0,0,990,0,4549,0,0,0,0,0,0,133,0,0,0,0,0,0,0,0,0,0,0,0,310,0,0,0,0
385,"GTG",0,0,0,0,0,0,0,0,0,0,0,0,0,0,5886,0,0,0,0,0,0,0,0,0,0,0,0,0,0,0,0,0,0,0,0,0,0,0,1422,0,0,0,0,0,4392,0,6186009,19205,0,0,0,0,0,0,0,260,0,0,0,1772,0,0,0,0
386,"CCG",0,0,0,0,0,0,0,2298,0,0,0,541,0,0,102,0,0,0,0,2272,3854,1683,6033124,0,0,0,0,0,0,0,3366,0,0,0,0,0,0,0,0,0,0,0,295,0,0,0,0,0,0,0,0,0,0,0,5913,0,0,0,1058,0,0,0,0,0
387,"ACT",0,0,321,0,0,1153,0,5980822,0,0,0,0,0,0,0,1159,0,0,0,231,0,0,0,0,0,0,773,0,0,0,0,0,0,0,0,0,0,0,0,1227,0,0,0,0,0,0,0,0,0,0,0,0,0,0,1059,0,0,0,994,0,0,0,0,0
388,"GAA",3661,0,0,303,0,0,0,0,0,0,573,1037,0,0,0,239,0,0,300,0,0,0,0,0,0,0,0,0,0,0,0,0,5879492,0,5339,0,0,0,0,0,2052,0,0,0,0,0,111,0,0,0,0,1003,0,0,867,0,0,0,0,0,0,0,807,0
389,"GGG",0,0,0,0,0,0,0,0,0,0,0,0,0,0,0,0,0,0,0,0,0,0,0,0,0,0,0,0,0,0,0,0,0,0,0,0,0,0,0,0,4418,0,5800170,0,0,0,0,0,0,0,0,0,0,0,0,0,0,0,0,0,0,0,0,0
390,"CTC",0,0,0,0,0,0,0,0,0,0,0,0,0,0,0,0,0,0,0,0,0,1422,0,0,0,0,0,0,0,5718664,0,1606,0,0,0,0,0,0,0,0,0,0,0,0,0,0,0,0,0,0,0,0,0,0,0,0,0,0,0,0,0,550,0,0
